Date,Panamax,NeoPanamax,Overall,Change,Notice Panamax,Downward Panama,Upward Panamax,Notice NeoPanamax,Downward NeoPanamax,Upward NeoPanamax,gatun_depth
1/1/2015,12.04,,12.04,12.04,,0,1,,,,26.63
1/2/2015,12.04,,12.04,,,0,1,,,,26.62
1/3/2015,12.04,,12.04,,,0,1,,,,26.61
1/4/2015,12.04,,12.04,,,0,1,,,,26.6
1/5/2015,12.04,,12.04,,,0,1,,,,26.59
1/6/2015,12.04,,12.04,,,0,1,,,,26.58
1/7/2015,12.04,,12.04,,,0,1,,,,26.57
1/8/2015,12.04,,12.04,,,0,1,,,,26.56
1/9/2015,12.04,,12.04,,,0,1,,,,26.55
1/10/2015,12.04,,12.04,,,0,1,,,,26.54
1/11/2015,12.04,,12.04,,,0,1,,,,26.53
1/12/2015,12.04,,12.04,,,0,1,,,,26.52
1/13/2015,12.04,,12.04,,,0,1,,,,26.51
1/14/2015,12.04,,12.04,,,0,1,,,,26.5
1/15/2015,12.04,,12.04,,,0,1,,,,26.49
1/16/2015,12.04,,12.04,,,0,1,,,,26.48
1/17/2015,12.04,,12.04,,,0,1,,,,26.48
1/18/2015,12.04,,12.04,,,0,1,,,,26.47
1/19/2015,12.04,,12.04,,,0,1,,,,26.47
1/20/2015,12.04,,12.04,,,0,1,,,,26.46
1/21/2015,12.04,,12.04,,,0,1,,,,26.45
1/22/2015,12.04,,12.04,,,0,1,,,,26.44
1/23/2015,12.04,,12.04,,,0,1,,,,26.43
1/24/2015,12.04,,12.04,,,0,1,,,,26.42
1/25/2015,12.04,,12.04,,,0,1,,,,26.41
1/26/2015,12.04,,12.04,,,0,1,,,,26.4
1/27/2015,12.04,,12.04,,,0,1,,,,26.39
1/28/2015,12.04,,12.04,,,0,1,,,,26.37
1/29/2015,12.04,,12.04,,,0,1,,,,26.36
1/30/2015,12.04,,12.04,,,0,1,,,,26.34
1/31/2015,12.04,,12.04,,,0,1,,,,26.33
2/1/2015,12.04,,12.04,,,0,1,,,,26.32
2/2/2015,12.04,,12.04,,,0,1,,,,26.31
2/3/2015,12.04,,12.04,,,0,1,,,,26.3
2/4/2015,12.04,,12.04,,,0,1,,,,26.28
2/5/2015,12.04,,12.04,,,0,1,,,,26.27
2/6/2015,12.04,,12.04,,,0,1,,,,26.26
2/7/2015,12.04,,12.04,,,0,1,,,,26.25
2/8/2015,12.04,,12.04,,,0,1,,,,26.24
2/9/2015,12.04,,12.04,,,0,1,,,,26.23
2/10/2015,12.04,,12.04,,,0,1,,,,26.22
2/11/2015,12.04,,12.04,,,0,1,,,,26.21
2/12/2015,12.04,,12.04,,,0,1,,,,26.19
2/13/2015,12.04,,12.04,,,0,1,,,,26.17
2/14/2015,12.04,,12.04,,,0,1,,,,26.15
2/15/2015,12.04,,12.04,,,0,1,,,,26.15
2/16/2015,12.04,,12.04,,,0,1,,,,26.13
2/17/2015,12.04,,12.04,,,0,1,,,,26.12
2/18/2015,12.04,,12.04,,,0,1,,,,26.1
2/19/2015,12.04,,12.04,,,0,1,,,,26.08
2/20/2015,12.04,,12.04,,,0,1,,,,26.07
2/21/2015,12.04,,12.04,,,0,1,,,,26.05
2/22/2015,12.04,,12.04,,,0,1,,,,26.03
2/23/2015,12.04,,12.04,,,0,1,,,,26.02
2/24/2015,12.04,,12.04,,,0,1,,,,26
2/25/2015,12.04,,12.04,,,0,1,,,,25.98
2/26/2015,12.04,,12.04,,,0,1,,,,25.97
2/27/2015,12.04,,12.04,,,0,1,,,,25.95
2/28/2015,12.04,,12.04,,,0,1,,,,25.93
3/1/2015,12.04,,12.04,,,0,1,,,,25.91
3/2/2015,12.04,,12.04,,,0,1,,,,25.89
3/3/2015,12.04,,12.04,,,0,1,,,,25.88
3/4/2015,12.04,,12.04,,,0,1,,,,25.86
3/5/2015,12.04,,12.04,,,0,1,,,,25.84
3/6/2015,12.04,,12.04,,,0,1,,,,25.82
3/7/2015,12.04,,12.04,,,0,1,,,,25.8
3/8/2015,12.04,,12.04,,,0,1,,,,25.78
3/9/2015,12.04,,12.04,,,0,1,,,,25.76
3/10/2015,12.04,,12.04,,,0,1,,,,25.74
3/11/2015,12.04,,12.04,,,0,1,,,,25.73
3/12/2015,12.04,,12.04,,,0,1,,,,25.7
3/13/2015,12.04,,12.04,,,0,1,,,,25.68
3/14/2015,12.04,,12.04,,,0,1,,,,25.67
3/15/2015,12.04,,12.04,,,0,1,,,,25.65
3/16/2015,12.04,,12.04,,,0,1,,,,25.63
3/17/2015,12.04,,12.04,,,0,1,,,,25.62
3/18/2015,12.04,,12.04,,,0,1,,,,25.61
3/19/2015,12.04,,12.04,,,0,1,,,,25.6
3/20/2015,12.04,,12.04,,,0,1,,,,25.58
3/21/2015,12.04,,12.04,,,0,1,,,,25.57
3/22/2015,12.04,,12.04,,,0,1,,,,25.56
3/23/2015,12.04,,12.04,,,0,1,,,,25.55
3/24/2015,12.04,,12.04,,,0,1,,,,25.54
3/25/2015,12.04,,12.04,,,0,1,,,,25.53
3/26/2015,12.04,,12.04,,,0,1,,,,25.52
3/27/2015,12.04,,12.04,,,0,1,,,,25.5
3/28/2015,12.04,,12.04,,,0,1,,,,25.49
3/29/2015,12.04,,12.04,,,0,1,,,,25.48
3/30/2015,12.04,,12.04,,,0,1,,,,25.47
3/31/2015,12.04,,12.04,,,0,1,,,,25.46
4/1/2015,12.04,,12.04,,,0,1,,,,25.44
4/2/2015,12.04,,12.04,,,0,1,,,,25.43
4/3/2015,12.04,,12.04,,,0,1,,,,25.42
4/4/2015,12.04,,12.04,,,0,1,,,,25.41
4/5/2015,12.04,,12.04,,,0,1,,,,25.39
4/6/2015,12.04,,12.04,,,0,1,,,,25.38
4/7/2015,12.04,,12.04,,,0,1,,,,25.37
4/8/2015,12.04,,12.04,,,0,1,,,,25.36
4/9/2015,12.04,,12.04,,,0,1,,,,25.35
4/10/2015,12.04,,12.04,,,0,1,,,,25.34
4/11/2015,12.04,,12.04,,,0,1,,,,25.33
4/12/2015,12.04,,12.04,,,0,1,,,,25.31
4/13/2015,12.04,,12.04,,,0,1,,,,25.3
4/14/2015,12.04,,12.04,,,0,1,,,,25.3
4/15/2015,12.04,,12.04,,,0,1,,,,25.29
4/16/2015,12.04,,12.04,,,0,1,,,,25.29
4/17/2015,12.04,,12.04,,,0,1,,,,25.28
4/18/2015,12.04,,12.04,,,0,1,,,,25.27
4/19/2015,12.04,,12.04,,,0,1,,,,25.26
4/20/2015,12.04,,12.04,,,0,1,,,,25.25
4/21/2015,12.04,,12.04,,,0,1,,,,25.27
4/22/2015,12.04,,12.04,,,0,1,,,,25.26
4/23/2015,12.04,,12.04,,,0,1,,,,25.25
4/24/2015,12.04,,12.04,,,0,1,,,,25.24
4/25/2015,12.04,,12.04,,,0,1,,,,25.23
4/26/2015,12.04,,12.04,,,0,1,,,,25.23
4/27/2015,12.04,,12.04,,,0,1,,,,25.21
4/28/2015,12.04,,12.04,,,0,1,,,,25.21
4/29/2015,12.04,,12.04,,,0,1,,,,25.2
4/30/2015,12.04,,12.04,,,0,1,,,,25.2
5/1/2015,12.04,,12.04,,,0,1,,,,25.21
5/2/2015,12.04,,12.04,,,0,1,,,,25.23
5/3/2015,12.04,,12.04,,,0,1,,,,25.23
5/4/2015,12.04,,12.04,,,0,1,,,,25.22
5/5/2015,12.04,,12.04,,,0,1,,,,25.22
5/6/2015,12.04,,12.04,,,0,1,,,,25.2
5/7/2015,12.04,,12.04,,,0,1,,,,25.2
5/8/2015,12.04,,12.04,,,0,1,,,,25.19
5/9/2015,12.04,,12.04,,,0,1,,,,25.18
5/10/2015,12.04,,12.04,,,0,1,,,,25.17
5/11/2015,12.04,,12.04,,,0,1,,,,25.16
5/12/2015,12.04,,12.04,,,0,1,,,,25.15
5/13/2015,12.04,,12.04,,,0,1,,,,25.13
5/14/2015,12.04,,12.04,,,0,1,,,,25.12
5/15/2015,12.04,,12.04,,,0,1,,,,25.11
5/16/2015,12.04,,12.04,,,0,1,,,,25.11
5/17/2015,12.04,,12.04,,,0,1,,,,25.1
5/18/2015,12.04,,12.04,,,0,1,,,,25.09
5/19/2015,12.04,,12.04,,,0,1,,,,25.07
5/20/2015,12.04,,12.04,,,0,1,,,,25.07
5/21/2015,12.04,,12.04,,,0,1,,,,25.12
5/22/2015,12.04,,12.04,,,0,1,,,,25.12
5/23/2015,12.04,,12.04,,,0,1,,,,25.11
5/24/2015,12.04,,12.04,,,0,1,,,,25.1
5/25/2015,12.04,,12.04,,,0,1,,,,25.09
5/26/2015,12.04,,12.04,,,0,1,,,,25.08
5/27/2015,12.04,,12.04,,,0,1,,,,25.06
5/28/2015,12.04,,12.04,,,0,1,,,,25.04
5/29/2015,12.04,,12.04,,,0,1,,,,25.04
5/30/2015,12.04,,12.04,,,0,1,,,,25.03
5/31/2015,12.04,,12.04,,,0,1,,,,25.02
6/1/2015,12.04,,12.04,,,0,1,,,,25.01
6/2/2015,12.04,,12.04,,,0,1,,,,25
6/3/2015,12.04,,12.04,,,0,1,,,,25
6/4/2015,12.04,,12.04,,,0,1,,,,25.01
6/5/2015,12.04,,12.04,,,0,1,,,,25.04
6/6/2015,12.04,,12.04,,,0,1,,,,25.04
6/7/2015,12.04,,12.04,,,0,1,,,,25.08
6/8/2015,12.04,,12.04,,,0,1,,,,25.11
6/9/2015,12.04,,12.04,,,0,1,,,,25.12
6/10/2015,12.04,,12.04,,,0,1,,,,25.13
6/11/2015,12.04,,12.04,,,0,1,,,,25.12
6/12/2015,12.04,,12.04,,,0,1,,,,25.12
6/13/2015,12.04,,12.04,,,0,1,,,,25.11
6/14/2015,12.04,,12.04,,,0,1,,,,25.1
6/15/2015,12.04,,12.04,,,0,1,,,,25.09
6/16/2015,12.04,,12.04,,,0,1,,,,25.08
6/17/2015,12.04,,12.04,,,0,1,,,,25.08
6/18/2015,12.04,,12.04,,,0,1,,,,25.07
6/19/2015,12.04,,12.04,,,0,1,,,,25.05
6/20/2015,12.04,,12.04,,,0,1,,,,25.04
6/21/2015,12.04,,12.04,,,0,1,,,,25.04
6/22/2015,12.04,,12.04,,,0,1,,,,25.02
6/23/2015,12.04,,12.04,,,0,1,,,,25.01
6/24/2015,12.04,,12.04,,,0,1,,,,24.99
6/25/2015,12.04,,12.04,,,0,1,,,,24.98
6/26/2015,12.04,,12.04,,,0,1,,,,24.97
6/27/2015,12.04,,12.04,,,0,1,,,,24.95
6/28/2015,12.04,,12.04,,,0,1,,,,24.94
6/29/2015,12.04,,12.04,,,0,1,,,,24.93
6/30/2015,12.04,,12.04,,,0,1,,,,24.92
7/1/2015,12.04,,12.04,,,0,1,,,,24.9
7/2/2015,12.04,,12.04,,,0,1,,,,24.89
7/3/2015,12.04,,12.04,,,0,1,,,,24.88
7/4/2015,12.04,,12.04,,,0,1,,,,24.87
7/5/2015,12.04,,12.04,,,0,1,,,,24.85
7/6/2015,12.04,,12.04,,,0,1,,,,24.84
7/7/2015,12.04,,12.04,,,0,1,,,,24.84
7/8/2015,12.04,,12.04,,,0,1,,,,24.83
7/9/2015,12.04,,12.04,,,0,1,,,,24.82
7/10/2015,12.04,,12.04,,,0,1,,,,24.82
7/11/2015,12.04,,12.04,,,0,1,,,,24.81
7/12/2015,12.04,,12.04,,,0,1,,,,24.82
7/13/2015,12.04,,12.04,,,0,1,,,,24.8
7/14/2015,12.04,,12.04,,,0,1,,,,24.8
7/15/2015,12.04,,12.04,,,0,1,,,,24.78
7/16/2015,12.04,,12.04,,,0,1,,,,24.78
7/17/2015,12.04,,12.04,,,0,1,,,,24.76
7/18/2015,12.04,,12.04,,,0,1,,,,24.75
7/19/2015,12.04,,12.04,,,0,1,,,,24.74
7/20/2015,12.04,,12.04,,,0,1,,,,24.73
7/21/2015,12.04,,12.04,,,0,1,,,,24.72
7/22/2015,12.04,,12.04,,,0,1,,,,24.72
7/23/2015,12.04,,12.04,,,0,1,,,,24.71
7/24/2015,12.04,,12.04,,,0,1,,,,24.69
7/25/2015,12.04,,12.04,,,0,1,,,,24.66
7/26/2015,12.04,,12.04,,,0,1,,,,24.65
7/27/2015,12.04,,12.04,,,0,1,,,,24.63
7/28/2015,12.04,,12.04,,,0,1,,,,24.61
7/29/2015,12.04,,12.04,,,0,1,,,,24.59
7/30/2015,12.04,,12.04,,,0,1,,,,24.58
7/31/2015,12.04,,12.04,,,0,1,,,,24.56
8/1/2015,12.04,,12.04,,1,1,0,,,,24.55
8/2/2015,12.04,,12.04,,,1,0,,,,24.55
8/3/2015,12.04,,12.04,,,1,0,,,,24.53
8/4/2015,12.04,,12.04,,,1,0,,,,24.52
8/5/2015,12.04,,12.04,,,1,0,,,,24.51
8/6/2015,12.04,,12.04,,,1,0,,,,24.5
8/7/2015,12.04,,12.04,,1,1,0,,,,24.49
8/8/2015,12.04,,12.04,,,1,0,,,,24.48
8/9/2015,12.04,,12.04,,,1,0,,,,24.48
8/10/2015,12.04,,12.04,,,1,0,,,,24.48
8/11/2015,12.04,,12.04,,,1,0,,,,24.46
8/12/2015,12.04,,12.04,,,1,0,,,,24.45
8/13/2015,12.04,,12.04,,,1,0,,,,24.44
8/14/2015,12.04,,12.04,,,1,0,,,,24.47
8/15/2015,12.04,,12.04,,,1,0,,,,24.48
8/16/2015,12.04,,12.04,,,1,0,,,,24.48
8/17/2015,12.04,,12.04,,,1,0,,,,24.49
8/18/2015,12.04,,12.04,,,1,0,,,,24.49
8/19/2015,12.04,,12.04,,,1,0,,,,24.48
8/20/2015,12.04,,12.04,,,1,0,,,,24.47
8/21/2015,12.04,,12.04,,2,0,1,,,,24.48
8/22/2015,12.04,,12.04,,,0,1,,,,24.46
8/23/2015,12.04,,12.04,,,0,1,,,,24.48
8/24/2015,12.04,,12.04,,,0,1,,,,24.48
8/25/2015,12.04,,12.04,,,0,1,,,,24.56
8/26/2015,12.04,,12.04,,,0,1,,,,24.56
8/27/2015,12.04,,12.04,,2,0,1,,,,24.55
8/28/2015,12.04,,12.04,,,0,1,,,,24.54
8/29/2015,12.04,,12.04,,,0,1,,,,24.52
8/30/2015,12.04,,12.04,,,0,1,,,,24.52
8/31/2015,12.04,,12.04,,,0,1,,,,24.51
9/1/2015,12.04,,12.04,,,0,1,,,,24.52
9/2/2015,12.04,,12.04,,,0,1,,,,24.51
9/3/2015,12.04,,12.04,,,0,1,,,,24.51
9/4/2015,12.04,,12.04,,,0,1,,,,24.51
9/5/2015,12.04,,12.04,,,0,1,,,,24.52
9/6/2015,12.04,,12.04,,,0,1,,,,24.58
9/7/2015,12.04,,12.04,,,0,1,,,,24.63
9/8/2015,12.04,,12.04,,,0,1,,,,24.67
9/9/2015,12.04,,12.04,,,0,1,,,,24.71
9/10/2015,12.04,,12.04,,,0,1,,,,24.76
9/11/2015,12.04,,12.04,,,0,1,,,,24.79
9/12/2015,12.04,,12.04,,,0,1,,,,24.79
9/13/2015,12.04,,12.04,,,0,1,,,,24.79
9/14/2015,12.04,,12.04,,,0,1,,,,24.78
9/15/2015,12.04,,12.04,,,0,1,,,,24.77
9/16/2015,12.04,,12.04,,,0,1,,,,24.81
9/17/2015,12.04,,12.04,,,0,1,,,,24.81
9/18/2015,12.04,,12.04,,,0,1,,,,24.82
9/19/2015,12.04,,12.04,,,0,1,,,,24.82
9/20/2015,12.04,,12.04,,,0,1,,,,24.82
9/21/2015,12.04,,12.04,,,0,1,,,,24.83
9/22/2015,12.04,,12.04,,,0,1,,,,24.85
9/23/2015,12.04,,12.04,,,0,1,,,,24.87
9/24/2015,12.04,,12.04,,,0,1,,,,24.88
9/25/2015,12.04,,12.04,,,0,1,,,,24.89
9/26/2015,12.04,,12.04,,,0,1,,,,24.89
9/27/2015,12.04,,12.04,,,0,1,,,,24.9
9/28/2015,12.04,,12.04,,,0,1,,,,24.9
9/29/2015,12.04,,12.04,,,0,1,,,,24.89
9/30/2015,12.04,,12.04,,,0,1,,,,24.9
10/1/2015,12.04,,12.04,,,0,1,,,,24.92
10/2/2015,12.04,,12.04,,,0,1,,,,24.92
10/3/2015,12.04,,12.04,,,0,1,,,,24.91
10/4/2015,12.04,,12.04,,,0,1,,,,24.9
10/5/2015,12.04,,12.04,,,0,1,,,,24.89
10/6/2015,12.04,,12.04,,,0,1,,,,24.92
10/7/2015,12.04,,12.04,,,0,1,,,,24.94
10/8/2015,12.04,,12.04,,,0,1,,,,24.93
10/9/2015,12.04,,12.04,,,0,1,,,,24.93
10/10/2015,12.04,,12.04,,,0,1,,,,24.94
10/11/2015,12.04,,12.04,,,0,1,,,,25
10/12/2015,12.04,,12.04,,,0,1,,,,25.02
10/13/2015,12.04,,12.04,,,0,1,,,,25.02
10/14/2015,12.04,,12.04,,,0,1,,,,25.03
10/15/2015,12.04,,12.04,,,0,1,,,,25.04
10/16/2015,12.04,,12.04,,,0,1,,,,25.05
10/17/2015,12.04,,12.04,,,0,1,,,,25.07
10/18/2015,12.04,,12.04,,,0,1,,,,25.08
10/19/2015,12.04,,12.04,,,0,1,,,,25.09
10/20/2015,12.04,,12.04,,,0,1,,,,25.09
10/21/2015,12.04,,12.04,,,0,1,,,,25.13
10/22/2015,12.04,,12.04,,,0,1,,,,25.14
10/23/2015,12.04,,12.04,,,0,1,,,,25.16
10/24/2015,12.04,,12.04,,,0,1,,,,25.2
10/25/2015,12.04,,12.04,,,0,1,,,,25.2
10/26/2015,12.04,,12.04,,,0,1,,,,25.19
10/27/2015,12.04,,12.04,,,0,1,,,,25.19
10/28/2015,12.04,,12.04,,,0,1,,,,25.2
10/29/2015,12.04,,12.04,,,0,1,,,,25.2
10/30/2015,12.04,,12.04,,,0,1,,,,25.21
10/31/2015,12.04,,12.04,,,0,1,,,,25.23
11/1/2015,12.04,,12.04,,,0,1,,,,25.25
11/2/2015,12.04,,12.04,,,0,1,,,,25.26
11/3/2015,12.04,,12.04,,,0,1,,,,25.27
11/4/2015,12.04,,12.04,,,0,1,,,,25.28
11/5/2015,12.04,,12.04,,,0,1,,,,25.3
11/6/2015,12.04,,12.04,,,0,1,,,,25.31
11/7/2015,12.04,,12.04,,,0,1,,,,25.31
11/8/2015,12.04,,12.04,,,0,1,,,,25.33
11/9/2015,12.04,,12.04,,,0,1,,,,25.36
11/10/2015,12.04,,12.04,,,0,1,,,,25.36
11/11/2015,12.04,,12.04,,,0,1,,,,25.36
11/12/2015,12.04,,12.04,,,0,1,,,,25.36
11/13/2015,12.04,,12.04,,,0,1,,,,25.36
11/14/2015,12.04,,12.04,,,0,1,,,,25.36
11/15/2015,12.04,,12.04,,,0,1,,,,25.4
11/16/2015,12.04,,12.04,,,0,1,,,,25.43
11/17/2015,12.04,,12.04,,,0,1,,,,25.49
11/18/2015,12.04,,12.04,,,0,1,,,,25.52
11/19/2015,12.04,,12.04,,,0,1,,,,25.54
11/20/2015,12.04,,12.04,,,0,1,,,,25.55
11/21/2015,12.04,,12.04,,,0,1,,,,25.55
11/22/2015,12.04,,12.04,,,0,1,,,,25.58
11/23/2015,12.04,,12.04,,,0,1,,,,25.58
11/24/2015,12.04,,12.04,,,0,1,,,,25.62
11/25/2015,12.04,,12.04,,,0,1,,,,25.63
11/26/2015,12.04,,12.04,,,0,1,,,,25.63
11/27/2015,12.04,,12.04,,,0,1,,,,25.64
11/28/2015,12.04,,12.04,,,0,1,,,,25.64
11/29/2015,12.04,,12.04,,,0,1,,,,25.64
11/30/2015,12.04,,12.04,,,0,1,,,,25.64
12/1/2015,12.04,,12.04,,,0,1,,,,25.64
12/2/2015,12.04,,12.04,,,0,1,,,,25.63
12/3/2015,12.04,,12.04,,,0,1,,,,25.66
12/4/2015,12.04,,12.04,,,0,1,,,,25.67
12/5/2015,12.04,,12.04,,,0,1,,,,25.67
12/6/2015,12.04,,12.04,,,0,1,,,,25.66
12/7/2015,12.04,,12.04,,,0,1,,,,25.66
12/8/2015,12.04,,12.04,,,0,1,,,,25.65
12/9/2015,12.04,,12.04,,,0,1,,,,25.65
12/10/2015,12.04,,12.04,,,0,1,,,,25.65
12/11/2015,12.04,,12.04,,,0,1,,,,25.64
12/12/2015,12.04,,12.04,,,0,1,,,,25.63
12/13/2015,12.04,,12.04,,,0,1,,,,25.62
12/14/2015,12.04,,12.04,,,0,1,,,,25.61
12/15/2015,12.04,,12.04,,,0,1,,,,25.6
12/16/2015,12.04,,12.04,,,0,1,,,,25.58
12/17/2015,12.04,,12.04,,,0,1,,,,25.58
12/18/2015,12.04,,12.04,,,0,1,,,,25.59
12/19/2015,12.04,,12.04,,,0,1,,,,25.58
12/20/2015,12.04,,12.04,,,0,1,,,,25.57
12/21/2015,12.04,,12.04,,,0,1,,,,25.56
12/22/2015,12.04,,12.04,,,0,1,,,,25.55
12/23/2015,12.04,,12.04,,,0,1,,,,25.54
12/24/2015,12.04,,12.04,,,0,1,,,,25.53
12/25/2015,12.04,,12.04,,,0,1,,,,25.51
12/26/2015,12.04,,12.04,,,0,1,,,,25.51
12/27/2015,12.04,,12.04,,,0,1,,,,25.5
12/28/2015,12.04,,12.04,,,0,1,,,,25.49
12/29/2015,12.04,,12.04,,,0,1,,,,25.48
12/30/2015,12.04,,12.04,,,0,1,,,,25.48
12/31/2015,12.04,,12.04,,,0,1,,,,25.46
1/1/2016,12.04,,12.04,,,0,1,,,,25.44
1/2/2016,12.04,,12.04,,,0,1,,,,25.43
1/3/2016,12.04,,12.04,,,0,1,,,,25.42
1/4/2016,12.04,,12.04,,,0,1,,,,25.41
1/5/2016,12.04,,12.04,,,0,1,,,,25.4
1/6/2016,12.04,,12.04,,,0,1,,,,25.38
1/7/2016,12.04,,12.04,,,0,1,,,,25.37
1/8/2016,12.04,,12.04,,,0,1,,,,25.37
1/9/2016,12.04,,12.04,,,0,1,,,,25.35
1/10/2016,12.04,,12.04,,,0,1,,,,25.33
1/11/2016,12.04,,12.04,,,0,1,,,,25.32
1/12/2016,12.04,,12.04,,,0,1,,,,25.32
1/13/2016,12.04,,12.04,,,0,1,,,,25.3
1/14/2016,12.04,,12.04,,,0,1,,,,25.29
1/15/2016,12.04,,12.04,,,0,1,,,,25.28
1/16/2016,12.04,,12.04,,,0,1,,,,25.27
1/17/2016,12.04,,12.04,,,0,1,,,,25.26
1/18/2016,12.04,,12.04,,,0,1,,,,25.24
1/19/2016,12.04,,12.04,,,0,1,,,,25.23
1/20/2016,12.04,,12.04,,,0,1,,,,25.22
1/21/2016,12.04,,12.04,,,0,1,,,,25.22
1/22/2016,12.04,,12.04,,,0,1,,,,25.2
1/23/2016,12.04,,12.04,,,0,1,,,,25.19
1/24/2016,12.04,,12.04,,,0,1,,,,25.18
1/25/2016,12.04,,12.04,,,0,1,,,,25.16
1/26/2016,12.04,,12.04,,,0,1,,,,25.16
1/27/2016,12.04,,12.04,,,0,1,,,,25.15
1/28/2016,12.04,,12.04,,,0,1,,,,25.14
1/29/2016,12.04,,12.04,,,0,1,,,,25.13
1/30/2016,12.04,,12.04,,,0,1,,,,25.12
1/31/2016,12.04,,12.04,,,0,1,,,,25.11
2/1/2016,12.04,,12.04,,,0,1,,,,25.11
2/2/2016,12.04,,12.04,,,0,1,,,,25.09
2/3/2016,12.04,,12.04,,,0,1,,,,25.09
2/4/2016,12.04,,12.04,,,0,1,,,,25.07
2/5/2016,12.04,,12.04,,,0,1,,,,25.05
2/6/2016,12.04,,12.04,,,0,1,,,,25.04
2/7/2016,12.04,,12.04,,,0,1,,,,25.02
2/8/2016,12.04,,12.04,,,0,1,,,,25.01
2/9/2016,12.04,,12.04,,,0,1,,,,25
2/10/2016,12.04,,12.04,,,0,1,,,,24.99
2/11/2016,12.04,,12.04,,,0,1,,,,24.98
2/12/2016,12.04,,12.04,,,0,1,,,,24.97
2/13/2016,12.04,,12.04,,,0,1,,,,24.96
2/14/2016,12.04,,12.04,,,0,1,,,,24.95
2/15/2016,12.04,,12.04,,,0,1,,,,24.94
2/16/2016,12.04,,12.04,,,0,1,,,,24.93
2/17/2016,12.04,,12.04,,1,1,0,,,,24.91
2/18/2016,12.04,,12.04,,,1,0,,,,24.9
2/19/2016,12.04,,12.04,,,1,0,,,,24.88
2/20/2016,12.04,,12.04,,,1,0,,,,24.87
2/21/2016,12.04,,12.04,,,1,0,,,,24.86
2/22/2016,12.04,,12.04,,,1,0,,,,24.85
2/23/2016,12.04,,12.04,,,1,0,,,,24.84
2/24/2016,12.04,,12.04,,,1,0,,,,24.83
2/25/2016,12.04,,12.04,,,1,0,,,,24.82
2/26/2016,12.04,,12.04,,,1,0,,,,24.8
2/27/2016,12.04,,12.04,,,1,0,,,,24.8
2/28/2016,12.04,,12.04,,,1,0,,,,24.78
2/29/2016,12.04,,12.04,,,1,0,,,,24.78
3/1/2016,12.04,,12.04,,1,1,0,,,,24.77
3/2/2016,12.04,,12.04,,,1,0,,,,24.76
3/3/2016,12.04,,12.04,,,1,0,,,,24.75
3/4/2016,12.04,,12.04,,,1,0,,,,24.73
3/5/2016,12.04,,12.04,,,1,0,,,,24.72
3/6/2016,12.04,,12.04,,,1,0,,,,24.71
3/7/2016,12.04,,12.04,,,1,0,,,,24.7
3/8/2016,12.04,,12.04,,,1,0,,,,24.69
3/9/2016,12.04,,12.04,,,1,0,,,,24.67
3/10/2016,12.04,,12.04,,,1,0,,,,24.66
3/11/2016,12.04,,12.04,,,1,0,,,,24.65
3/12/2016,12.04,,12.04,,,1,0,,,,24.63
3/13/2016,12.04,,12.04,,,1,0,,,,24.62
3/14/2016,12.04,,12.04,,,1,0,,,,24.61
3/15/2016,12.04,,12.04,,,1,0,,,,24.59
3/16/2016,12.04,,12.04,,,1,0,,,,24.58
3/17/2016,12.04,,12.04,,,1,0,,,,24.57
3/18/2016,12.04,,12.04,,,1,0,,,,24.55
3/19/2016,12.04,,12.04,,,1,0,,,,24.54
3/20/2016,12.04,,12.04,,,1,0,,,,24.53
3/21/2016,12.04,,12.04,,1,1,0,,,,24.51
3/22/2016,12.04,,12.04,,,1,0,,,,24.5
3/23/2016,12.04,,12.04,,,1,0,,,,24.48
3/24/2016,12.04,,12.04,,,1,0,,,,24.47
3/25/2016,12.04,,12.04,,,1,0,,,,24.46
3/26/2016,12.04,,12.04,,,1,0,,,,24.45
3/27/2016,12.04,,12.04,,,1,0,,,,24.43
3/28/2016,12.04,,12.04,,,1,0,,,,24.42
3/29/2016,12.04,,12.04,,,1,0,,,,24.41
3/30/2016,12.04,,12.04,,,1,0,,,,24.39
3/31/2016,12.04,,12.04,,,1,0,,,,24.38
4/1/2016,12.04,,12.04,,1,1,0,,,,24.37
4/2/2016,12.04,,12.04,,,1,0,,,,24.36
4/3/2016,12.04,,12.04,,,1,0,,,,24.34
4/4/2016,12.04,,12.04,,,1,0,,,,24.32
4/5/2016,12.04,,12.04,,,1,0,,,,24.3
4/6/2016,12.04,,12.04,,,1,0,,,,24.28
4/7/2016,12.04,,12.04,,,1,0,,,,24.27
4/8/2016,12.04,,12.04,,,1,0,,,,24.25
4/9/2016,12.04,,12.04,,,1,0,,,,24.23
4/10/2016,12.04,,12.04,,,1,0,,,,24.21
4/11/2016,12.04,,12.04,,1,1,0,,,,24.2
4/12/2016,12.04,,12.04,,,1,0,,,,24.17
4/13/2016,12.04,,12.04,,,1,0,,,,24.16
4/14/2016,12.04,,12.04,,,1,0,,,,24.15
4/15/2016,12.04,,12.04,,,1,0,,,,24.13
4/16/2016,12.04,,12.04,,,1,0,,,,24.11
4/17/2016,12.04,,12.04,,,1,0,,,,24.1
4/18/2016,11.89,,11.89,11.89,,1,0,,,,24.09
4/19/2016,11.89,,11.89,,,1,0,,,,24.08
4/20/2016,11.89,,11.89,,,1,0,,,,24.07
4/21/2016,11.89,,11.89,,,1,0,,,,24.05
4/22/2016,11.89,,11.89,,,1,0,,,,24.04
4/23/2016,11.89,,11.89,,,1,0,,,,24.03
4/24/2016,11.89,,11.89,,,1,0,,,,24.02
4/25/2016,11.89,,11.89,,,1,0,,,,24
4/26/2016,11.89,,11.89,,,1,0,,,,24
4/27/2016,11.89,,11.89,,,1,0,,,,23.98
4/28/2016,11.89,,11.89,,,1,0,,,,23.99
4/29/2016,11.74,,11.74,11.74,,1,0,,,,23.98
4/30/2016,11.74,,11.74,,,1,0,,,,23.96
5/1/2016,11.74,,11.74,,,1,0,,,,23.95
5/2/2016,11.74,,11.74,,,1,0,,,,23.94
5/3/2016,11.74,,11.74,,,1,0,,,,23.93
5/4/2016,11.74,,11.74,,2,0,1,,,,23.94
5/5/2016,11.74,,11.74,,,0,1,,,,23.93
5/6/2016,11.74,,11.74,,,0,1,,,,23.92
5/7/2016,11.74,,11.74,,,0,1,,,,23.91
5/8/2016,11.74,,11.74,,,0,1,,,,23.92
5/9/2016,11.74,,11.74,,,0,1,,,,23.91
5/10/2016,11.74,,11.74,,,0,1,,,,23.93
5/11/2016,11.74,,11.74,,2,0,1,,,,23.91
5/12/2016,11.74,,11.74,,,0,1,,,,23.9
5/13/2016,11.74,,11.74,,,0,1,,,,23.89
5/14/2016,11.74,,11.74,,,0,1,,,,23.88
5/15/2016,11.74,,11.74,,,0,1,,,,23.88
5/16/2016,11.74,,11.74,,,0,1,,,,23.88
5/17/2016,11.74,,11.74,,,0,1,,,,23.87
5/18/2016,11.74,,11.74,,,0,1,,,,23.87
5/19/2016,11.74,,11.74,,,0,1,,,,23.87
5/20/2016,11.74,,11.74,,,0,1,,,,23.88
5/21/2016,11.74,,11.74,,,0,1,,,,23.88
5/22/2016,11.74,,11.74,,,0,1,,,,23.88
5/23/2016,11.74,,11.74,,,0,1,,,,23.87
5/24/2016,11.74,,11.74,,,0,1,,,,23.88
5/25/2016,11.74,,11.74,,2,0,1,,,,23.91
5/26/2016,11.74,,11.74,,,0,1,,,,23.94
5/27/2016,11.74,,11.74,,,0,1,,,,23.97
5/28/2016,11.74,,11.74,,,0,1,,,,23.98
5/29/2016,11.74,,11.74,,,0,1,,,,24.01
5/30/2016,11.74,,11.74,,,0,1,,,,24.03
5/31/2016,11.89,,11.89,11.89,2,0,1,,,,24.09
6/1/2016,11.89,,11.89,,,0,1,,,,24.14
6/2/2016,11.89,,11.89,,,0,1,,,,24.18
6/3/2016,11.89,,11.89,,,0,1,,,,24.19
6/4/2016,11.89,,11.89,,,0,1,,,,24.2
6/5/2016,11.89,,11.89,,,0,1,,,,24.21
6/6/2016,11.89,,11.89,,,0,1,,,,24.24
6/7/2016,12.04,,12.04,12.04,2,0,1,,,,24.28
6/8/2016,12.04,,12.04,,,0,1,,,,24.29
6/9/2016,12.04,,12.04,,,0,1,,,,24.32
6/10/2016,12.04,,12.04,,,0,1,,,,24.34
6/11/2016,12.04,,12.04,,,0,1,,,,24.35
6/12/2016,12.04,,12.04,,,0,1,,,,24.37
6/13/2016,12.04,,12.04,,,0,1,,,,24.38
6/14/2016,12.04,,12.04,,,0,1,,,,24.44
6/15/2016,12.04,,12.04,,,0,1,,,,24.48
6/16/2016,12.04,,12.04,,,0,1,,,,24.5
6/17/2016,12.04,,12.04,,,0,1,,,,24.52
6/18/2016,12.04,,12.04,,,0,1,,,,24.55
6/19/2016,12.04,,12.04,,,0,1,,,,24.58
6/20/2016,12.04,,12.04,,,0,1,,,,24.6
6/21/2016,12.04,,12.04,,,0,1,,,,24.62
6/22/2016,12.04,,12.04,,,0,1,,,,24.63
6/23/2016,12.04,,12.04,,,0,1,,,,24.67
6/24/2016,12.04,,12.04,,,0,1,,,,24.69
6/25/2016,12.04,,12.04,,,0,1,,,,24.7
6/26/2016,12.04,,12.04,,,0,1,,,,24.71
6/27/2016,12.04,13.11,13.11,13.11,,,,,0,1,24.72
6/28/2016,12.04,13.11,13.11,,,,,,0,1,24.71
6/29/2016,12.04,13.11,13.11,,,,,,0,1,24.71
6/30/2016,12.04,13.11,13.11,,,,,,0,1,24.73
7/1/2016,12.04,13.11,13.11,,,,,,0,1,24.76
7/2/2016,12.04,13.11,13.11,,,,,,0,1,24.8
7/3/2016,12.04,13.11,13.11,,,,,,0,1,24.81
7/4/2016,12.04,13.11,13.11,,,,,,0,1,24.85
7/5/2016,12.04,13.11,13.11,,,,,,0,1,24.86
7/6/2016,12.04,13.11,13.11,,,,,,0,1,24.88
7/7/2016,12.04,13.11,13.11,,,,,,0,1,24.88
7/8/2016,12.04,13.11,13.11,,,,,,0,1,24.88
7/9/2016,12.04,13.11,13.11,,,,,,0,1,24.88
7/10/2016,12.04,13.11,13.11,,,,,,0,1,24.87
7/11/2016,12.04,13.11,13.11,,,,,,0,1,24.86
7/12/2016,12.04,13.11,13.11,,,,,,0,1,24.89
7/13/2016,12.04,13.11,13.11,,,,,,0,1,24.89
7/14/2016,12.04,13.11,13.11,,,,,,0,1,24.88
7/15/2016,12.04,13.11,13.11,,,,,,0,1,24.9
7/16/2016,12.04,13.11,13.11,,,,,,0,1,24.93
7/17/2016,12.04,13.11,13.11,,,,,,0,1,24.97
7/18/2016,12.04,13.11,13.11,,,,,,0,1,24.98
7/19/2016,12.04,13.11,13.11,,,,,,0,1,25
7/20/2016,12.04,13.11,13.11,,,,,,0,1,25.01
7/21/2016,12.04,13.11,13.11,,,,,,0,1,25.04
7/22/2016,12.04,13.11,13.11,,,,,,0,1,25.04
7/23/2016,12.04,13.11,13.11,,,,,,0,1,25.06
7/24/2016,12.04,13.11,13.11,,,,,,0,1,25.09
7/25/2016,12.04,13.11,13.11,,,,,,0,1,25.1
7/26/2016,12.04,13.11,13.11,,,,,,0,1,25.11
7/27/2016,12.04,13.11,13.11,,,,,,0,1,25.12
7/28/2016,12.04,13.11,13.11,,,,,,0,1,25.14
7/29/2016,12.04,13.11,13.11,,,,,,0,1,25.15
7/30/2016,12.04,13.11,13.11,,,,,,0,1,25.17
7/31/2016,12.04,13.11,13.11,,,,,,0,1,25.18
8/1/2016,12.04,13.11,13.11,,,,,,0,1,25.2
8/2/2016,12.04,13.11,13.11,,,,,,0,1,25.21
8/3/2016,12.04,13.11,13.11,,,,,,0,1,25.22
8/4/2016,12.04,13.11,13.11,,,,,,0,1,25.23
8/5/2016,12.04,13.41,13.41,13.41,,,,2,0,1,25.23
8/6/2016,12.04,13.41,13.41,,,,,,0,1,25.23
8/7/2016,12.04,13.41,13.41,,,,,,0,1,25.23
8/8/2016,12.04,13.41,13.41,,,,,,0,1,25.22
8/9/2016,12.04,13.41,13.41,,,,,,0,1,25.23
8/10/2016,12.04,13.41,13.41,,,,,,0,1,25.23
8/11/2016,12.04,13.41,13.41,,,,,,0,1,25.23
8/12/2016,12.04,13.41,13.41,,,,,,0,1,25.24
8/13/2016,12.04,13.41,13.41,,,,,,0,1,25.26
8/14/2016,12.04,13.41,13.41,,,,,,0,1,25.27
8/15/2016,12.04,13.41,13.41,,,,,,0,1,25.28
8/16/2016,12.04,13.41,13.41,,,,,,0,1,25.28
8/17/2016,12.04,13.41,13.41,,,,,,0,1,25.28
8/18/2016,12.04,13.41,13.41,,,,,,0,1,25.29
8/19/2016,12.04,13.41,13.41,,,,,,0,1,25.3
8/20/2016,12.04,13.41,13.41,,,,,,0,1,25.31
8/21/2016,12.04,13.41,13.41,,,,,,0,1,25.31
8/22/2016,12.04,13.41,13.41,,,,,,0,1,25.33
8/23/2016,12.04,13.41,13.41,,,,,,0,1,25.33
8/24/2016,12.04,13.41,13.41,,,,,,0,1,25.33
8/25/2016,12.04,13.41,13.41,,,,,,0,1,25.36
8/26/2016,12.04,13.41,13.41,,,,,,0,1,25.37
8/27/2016,12.04,13.41,13.41,,,,,,0,1,25.37
8/28/2016,12.04,13.41,13.41,,,,,,0,1,25.37
8/29/2016,12.04,13.41,13.41,,,,,,0,1,25.38
8/30/2016,12.04,13.41,13.41,,,,,,0,1,25.38
8/31/2016,12.04,13.41,13.41,,,,,,0,1,25.37
9/1/2016,12.04,13.41,13.41,,,,,,0,1,25.36
9/2/2016,12.04,13.41,13.41,,,,,,0,1,25.37
9/3/2016,12.04,13.41,13.41,,,,,,0,1,25.37
9/4/2016,12.04,13.41,13.41,,,,,,0,1,25.37
9/5/2016,12.04,13.41,13.41,,,,,,0,1,25.39
9/6/2016,12.04,13.41,13.41,,,,,,0,1,25.41
9/7/2016,12.04,13.41,13.41,,,,,,0,1,25.48
9/8/2016,12.04,13.41,13.41,,,,,,0,1,25.51
9/9/2016,12.04,13.41,13.41,,,,,,0,1,25.52
9/10/2016,12.04,13.41,13.41,,,,,,0,1,25.53
9/11/2016,12.04,13.41,13.41,,,,,,0,1,25.55
9/12/2016,12.04,13.41,13.41,,,,,,0,1,25.61
9/13/2016,12.04,13.41,13.41,,,,,,0,1,25.64
9/14/2016,12.04,13.41,13.41,,,,,,0,1,25.64
9/15/2016,12.04,13.41,13.41,,,,,,0,1,25.66
9/16/2016,12.04,13.41,13.41,,,,,,0,1,25.66
9/17/2016,12.04,13.41,13.41,,,,,,0,1,25.67
9/18/2016,12.04,13.41,13.41,,,,,,0,1,25.68
9/19/2016,12.04,13.41,13.41,,,,,,0,1,25.68
9/20/2016,12.04,13.41,13.41,,,,,,0,1,25.68
9/21/2016,12.04,13.41,13.41,,,,,,0,1,25.73
9/22/2016,12.04,13.41,13.41,,,,,,0,1,25.73
9/23/2016,12.04,13.41,13.41,,,,,,0,1,25.73
9/24/2016,12.04,13.41,13.41,,,,,,0,1,25.76
9/25/2016,12.04,13.41,13.41,,,,,,0,1,25.8
9/26/2016,12.04,13.41,13.41,,,,,,0,1,25.81
9/27/2016,12.04,13.41,13.41,,,,,,0,1,25.82
9/28/2016,12.04,13.41,13.41,,,,,,0,1,25.83
9/29/2016,12.04,13.41,13.41,,,,,,0,1,25.84
9/30/2016,12.04,13.41,13.41,,,,,,0,1,25.91
10/1/2016,12.04,13.41,13.41,,,,,,0,1,25.96
10/2/2016,12.04,13.41,13.41,,,,,,0,1,25.96
10/3/2016,12.04,13.41,13.41,,,,,,0,1,25.98
10/4/2016,12.04,13.41,13.41,,,,,,0,1,25.98
10/5/2016,12.04,13.41,13.41,,,,,,0,1,25.98
10/6/2016,12.04,13.41,13.41,,,,,,0,1,25.98
10/7/2016,12.04,13.41,13.41,,,,,,0,1,26
10/8/2016,12.04,13.41,13.41,,,,,,0,1,26.01
10/9/2016,12.04,13.41,13.41,,,,,,0,1,26.05
10/10/2016,12.04,13.41,13.41,,,,,,0,1,26.1
10/11/2016,12.04,13.41,13.41,,,,,,0,1,26.14
10/12/2016,12.04,13.41,13.41,,,,,,0,1,26.16
10/13/2016,12.04,13.41,13.41,,,,,,0,1,26.16
10/14/2016,12.04,13.41,13.41,,,,,,0,1,26.16
10/15/2016,12.04,13.41,13.41,,,,,,0,1,26.2
10/16/2016,12.04,13.41,13.41,,,,,,0,1,26.24
10/17/2016,12.04,13.41,13.41,,,,,,0,1,26.31
10/18/2016,12.04,13.72,13.72,13.72,,,,2,0,1,26.34
10/19/2016,12.04,13.72,13.72,,,,,,0,1,26.35
10/20/2016,12.04,13.72,13.72,,,,,,0,1,26.35
10/21/2016,12.04,13.72,13.72,,,,,,0,1,26.36
10/22/2016,12.04,13.72,13.72,,,,,,0,1,26.4
10/23/2016,12.04,13.72,13.72,,,,,,0,1,26.42
10/24/2016,12.04,13.72,13.72,,,,,,0,1,26.44
10/25/2016,12.04,13.72,13.72,,,,,,0,1,26.44
10/26/2016,12.04,13.72,13.72,,,,,,0,1,26.46
10/27/2016,12.04,13.72,13.72,,,,,,0,1,26.5
10/28/2016,12.04,13.72,13.72,,,,,,0,1,26.55
10/29/2016,12.04,13.72,13.72,,,,,,0,1,26.57
10/30/2016,12.04,13.72,13.72,,,,,,0,1,26.65
10/31/2016,12.04,13.72,13.72,,,,,,0,1,26.7
11/1/2016,12.04,13.72,13.72,,,,,,0,1,26.73
11/2/2016,12.04,13.72,13.72,,,,,,0,1,26.74
11/3/2016,12.04,13.72,13.72,,,,,,0,1,26.75
11/4/2016,12.04,13.72,13.72,,,,,,0,1,26.73
11/5/2016,12.04,13.72,13.72,,,,,,0,1,26.69
11/6/2016,12.04,13.72,13.72,,,,,,0,1,26.66
11/7/2016,12.04,13.72,13.72,,,,,,0,1,26.8
11/8/2016,12.04,13.72,13.72,,,,,,0,1,26.76
11/9/2016,12.04,13.72,13.72,,,,,,0,1,26.72
11/10/2016,12.04,13.72,13.72,,,,,,0,1,26.72
11/11/2016,12.04,13.72,13.72,,,,,,0,1,26.76
11/12/2016,12.04,13.72,13.72,,,,,,0,1,26.76
11/13/2016,12.04,13.72,13.72,,,,,,0,1,26.73
11/14/2016,12.04,13.72,13.72,,,,,,0,1,26.72
11/15/2016,12.04,13.72,13.72,,,,,,0,1,26.65
11/16/2016,12.04,13.72,13.72,,,,,,0,1,26.7
11/17/2016,12.04,13.72,13.72,,,,,,0,1,26.74
11/18/2016,12.04,13.72,13.72,,,,,,0,1,26.79
11/19/2016,12.04,13.72,13.72,,,,,,0,1,26.75
11/20/2016,12.04,13.72,13.72,,,,,,0,1,26.78
11/21/2016,12.04,13.72,13.72,,,,,,0,1,26.72
11/22/2016,12.04,13.72,13.72,,,,,,0,1,26.73
11/23/2016,12.04,13.72,13.72,,,,,,0,1,26.89
11/24/2016,12.04,13.72,13.72,,,,,,0,1,26.91
11/25/2016,12.04,13.72,13.72,,,,,,0,1,26.9
11/26/2016,12.04,13.72,13.72,,,,,,0,1,26.85
11/27/2016,12.04,13.72,13.72,,,,,,0,1,26.83
11/28/2016,12.04,13.72,13.72,,,,,,0,1,26.83
11/29/2016,12.04,13.72,13.72,,,,,,0,1,26.89
11/30/2016,12.04,13.72,13.72,,,,,,0,1,26.84
12/1/2016,12.04,13.72,13.72,,,,,,0,1,26.89
12/2/2016,12.04,13.72,13.72,,,,,,0,1,26.88
12/3/2016,12.04,13.72,13.72,,,,,,0,1,26.88
12/4/2016,12.04,13.72,13.72,,,,,,0,1,26.87
12/5/2016,12.04,13.72,13.72,,,,,,0,1,26.86
12/6/2016,12.04,13.72,13.72,,,,,,0,1,26.85
12/7/2016,12.04,13.72,13.72,,,,,,0,1,26.86
12/8/2016,12.04,13.72,13.72,,,,,,0,1,26.85
12/9/2016,12.04,13.72,13.72,,,,,,0,1,26.84
12/10/2016,12.04,13.72,13.72,,,,,,0,1,26.86
12/11/2016,12.04,13.72,13.72,,,,,,0,1,26.84
12/12/2016,12.04,13.72,13.72,,,,,,0,1,26.82
12/13/2016,12.04,13.72,13.72,,,,,,0,1,26.81
12/14/2016,12.04,13.72,13.72,,,,,,0,1,26.81
12/15/2016,12.04,13.72,13.72,,,,,,0,1,26.82
12/16/2016,12.04,13.72,13.72,,,,,,0,1,26.81
12/17/2016,12.04,13.72,13.72,,,,,,0,1,26.82
12/18/2016,12.04,13.72,13.72,,,,,,0,1,26.81
12/19/2016,12.04,13.72,13.72,,,,,,0,1,26.81
12/20/2016,12.04,13.72,13.72,,,,,,0,1,26.81
12/21/2016,12.04,13.72,13.72,,,,,,0,1,26.81
12/22/2016,12.04,13.72,13.72,,,,,,0,1,26.81
12/23/2016,12.04,13.72,13.72,,,,,,0,1,26.81
12/24/2016,12.04,13.72,13.72,,,,,,0,1,26.82
12/25/2016,12.04,13.72,13.72,,,,,,0,1,26.83
12/26/2016,12.04,13.72,13.72,,,,,,0,1,26.83
12/27/2016,12.04,13.72,13.72,,,,,,0,1,26.82
12/28/2016,12.04,13.72,13.72,,,,,,0,1,26.82
12/29/2016,12.04,13.72,13.72,,,,,,0,1,26.82
12/30/2016,12.04,13.72,13.72,,,,,,0,1,26.83
12/31/2016,12.04,13.72,13.72,,,,,,0,1,26.82
1/1/2017,12.04,13.72,13.72,,,,,,0,1,26.82
1/2/2017,12.04,13.72,13.72,,,,,,0,1,26.81
1/3/2017,12.04,13.72,13.72,,,,,,0,1,26.8
1/4/2017,12.04,13.72,13.72,,,,,,0,1,26.79
1/5/2017,12.04,13.72,13.72,,,,,,0,1,26.79
1/6/2017,12.04,13.72,13.72,,,,,,0,1,26.78
1/7/2017,12.04,13.72,13.72,,,,,,0,1,26.77
1/8/2017,12.04,13.72,13.72,,,,,,0,1,26.76
1/9/2017,12.04,13.72,13.72,,,,,,0,1,26.74
1/10/2017,12.04,13.72,13.72,,,,,,0,1,26.72
1/11/2017,12.04,13.72,13.72,,,,,,0,1,26.7
1/12/2017,12.04,13.72,13.72,,,,,,0,1,26.68
1/13/2017,12.04,13.72,13.72,,,,,,0,1,26.66
1/14/2017,12.04,13.72,13.72,,,,,,0,1,26.63
1/15/2017,12.04,13.72,13.72,,,,,,0,1,26.61
1/16/2017,12.04,13.72,13.72,,,,,,0,1,26.58
1/17/2017,12.04,13.72,13.72,,,,,,0,1,26.55
1/18/2017,12.04,13.72,13.72,,,,,,0,1,26.53
1/19/2017,12.04,13.72,13.72,,,,,,0,1,26.51
1/20/2017,12.04,13.72,13.72,,,,,,0,1,26.48
1/21/2017,12.04,13.72,13.72,,,,,,0,1,26.47
1/22/2017,12.04,13.72,13.72,,,,,,0,1,26.46
1/23/2017,12.04,13.72,13.72,,,,,,0,1,26.44
1/24/2017,12.04,13.72,13.72,,,,,,0,1,26.42
1/25/2017,12.04,13.72,13.72,,,,,,0,1,26.41
1/26/2017,12.04,13.72,13.72,,,,,,0,1,26.39
1/27/2017,12.04,13.72,13.72,,,,,,0,1,26.37
1/28/2017,12.04,13.72,13.72,,,,,,0,1,26.34
1/29/2017,12.04,13.72,13.72,,,,,,0,1,26.32
1/30/2017,12.04,13.72,13.72,,,,,,0,1,26.3
1/31/2017,12.04,13.72,13.72,,,,,,0,1,26.29
2/1/2017,12.04,13.72,13.72,,,,,,0,1,26.28
2/2/2017,12.04,13.72,13.72,,,,,,0,1,26.26
2/3/2017,12.04,13.72,13.72,,,,,,0,1,26.25
2/4/2017,12.04,13.72,13.72,,,,,,0,1,26.23
2/5/2017,12.04,13.72,13.72,,,,,,0,1,26.21
2/6/2017,12.04,13.72,13.72,,,,,,0,1,26.19
2/7/2017,12.04,13.72,13.72,,,,,,0,1,26.18
2/8/2017,12.04,13.72,13.72,,,,,,0,1,26.16
2/9/2017,12.04,13.72,13.72,,,,,,0,1,26.15
2/10/2017,12.04,13.72,13.72,,,,,,0,1,26.13
2/11/2017,12.04,13.72,13.72,,,,,,0,1,26.12
2/12/2017,12.04,13.72,13.72,,,,,,0,1,26.1
2/13/2017,12.04,13.72,13.72,,,,,,0,1,26.08
2/14/2017,12.04,13.72,13.72,,,,,,0,1,26.07
2/15/2017,12.04,13.72,13.72,,,,,,0,1,26.05
2/16/2017,12.04,13.72,13.72,,,,,,0,1,26.02
2/17/2017,12.04,13.72,13.72,,,,,,0,1,26.01
2/18/2017,12.04,13.72,13.72,,,,,,0,1,25.99
2/19/2017,12.04,13.72,13.72,,,,,,0,1,25.97
2/20/2017,12.04,13.72,13.72,,,,,,0,1,25.95
2/21/2017,12.04,13.72,13.72,,,,,,0,1,25.93
2/22/2017,12.04,13.72,13.72,,,,,,0,1,25.92
2/23/2017,12.04,13.72,13.72,,,,,,0,1,25.91
2/24/2017,12.04,13.72,13.72,,,,,,0,1,25.89
2/25/2017,12.04,13.72,13.72,,,,,,0,1,25.87
2/26/2017,12.04,13.72,13.72,,,,,,0,1,25.84
2/27/2017,12.04,13.72,13.72,,,,,,0,1,25.82
2/28/2017,12.04,13.72,13.72,,,,,,0,1,25.8
3/1/2017,12.04,13.72,13.72,,,,,,0,1,25.78
3/2/2017,12.04,13.72,13.72,,,,,,0,1,25.76
3/3/2017,12.04,13.72,13.72,,,,,,0,1,25.75
3/4/2017,12.04,13.72,13.72,,,,,,0,1,25.73
3/5/2017,12.04,13.72,13.72,,,,,,0,1,25.71
3/6/2017,12.04,13.72,13.72,,,,,,0,1,25.7
3/7/2017,12.04,13.72,13.72,,,,,,0,1,25.68
3/8/2017,12.04,13.72,13.72,,,,,,0,1,25.66
3/9/2017,12.04,13.72,13.72,,,,,,0,1,25.64
3/10/2017,12.04,13.72,13.72,,,,,,0,1,25.62
3/11/2017,12.04,13.72,13.72,,,,,,0,1,25.61
3/12/2017,12.04,13.72,13.72,,,,,,0,1,25.59
3/13/2017,12.04,13.72,13.72,,,,,,0,1,25.58
3/14/2017,12.04,13.72,13.72,,,,,,0,1,25.57
3/15/2017,12.04,13.72,13.72,,,,,,0,1,25.54
3/16/2017,12.04,13.72,13.72,,,,,,0,1,25.52
3/17/2017,12.04,13.72,13.72,,,,,,0,1,25.51
3/18/2017,12.04,13.72,13.72,,,,,,0,1,25.48
3/19/2017,12.04,13.72,13.72,,,,,,0,1,25.47
3/20/2017,12.04,13.72,13.72,,,,,,0,1,25.46
3/21/2017,12.04,13.72,13.72,,,,,,0,1,25.44
3/22/2017,12.04,13.72,13.72,,,,,,0,1,25.42
3/23/2017,12.04,13.72,13.72,,,,,,0,1,25.41
3/24/2017,12.04,13.72,13.72,,,,,,0,1,25.4
3/25/2017,12.04,13.72,13.72,,,,,,0,1,25.39
3/26/2017,12.04,13.72,13.72,,,,,,0,1,25.38
3/27/2017,12.04,13.72,13.72,,,,,,0,1,25.37
3/28/2017,12.04,13.72,13.72,,,,,,0,1,25.35
3/29/2017,12.04,13.72,13.72,,,,,,0,1,25.33
3/30/2017,12.04,13.72,13.72,,,,,,0,1,25.32
3/31/2017,12.04,13.72,13.72,,,,,,0,1,25.3
4/1/2017,12.04,13.72,13.72,,,,,,0,1,25.29
4/2/2017,12.04,13.72,13.72,,,,,,0,1,25.28
4/3/2017,12.04,13.72,13.72,,,,,,0,1,25.26
4/4/2017,12.04,13.72,13.72,,,,,,0,1,25.24
4/5/2017,12.04,13.72,13.72,,,,,,0,1,25.22
4/6/2017,12.04,13.72,13.72,,,,,,0,1,25.21
4/7/2017,12.04,13.72,13.72,,,,,,0,1,25.19
4/8/2017,12.04,13.72,13.72,,,,,,0,1,25.16
4/9/2017,12.04,13.72,13.72,,,,,,0,1,25.15
4/10/2017,12.04,13.72,13.72,,,,,,0,1,25.13
4/11/2017,12.04,13.72,13.72,,,,,,0,1,25.11
4/12/2017,12.04,13.72,13.72,,,,,,0,1,25.09
4/13/2017,12.04,13.72,13.72,,,,,,0,1,25.06
4/14/2017,12.04,13.72,13.72,,,,,,0,1,25.05
4/15/2017,12.04,13.72,13.72,,,,,,0,1,25.02
4/16/2017,12.04,13.72,13.72,,,,,,0,1,25.01
4/17/2017,12.04,13.72,13.72,,,,,,0,1,25.02
4/18/2017,12.04,13.72,13.72,,,,,,0,1,25
4/19/2017,12.04,13.72,13.72,,,,,,0,1,24.99
4/20/2017,12.04,13.72,13.72,,,,,,0,1,24.99
4/21/2017,12.04,13.72,13.72,,,,,,0,1,24.97
4/22/2017,12.04,13.72,13.72,,,,,,0,1,24.96
4/23/2017,12.04,13.72,13.72,,,,,,0,1,24.94
4/24/2017,12.04,13.72,13.72,,,,,,0,1,24.92
4/25/2017,12.04,13.72,13.72,,,,,,0,1,24.9
4/26/2017,12.04,13.72,13.72,,,,,,0,1,24.88
4/27/2017,12.04,13.72,13.72,,,,,,0,1,24.87
4/28/2017,12.04,13.72,13.72,,,,,,0,1,24.85
4/29/2017,12.04,13.72,13.72,,,,,,0,1,24.84
4/30/2017,12.04,13.72,13.72,,,,,,0,1,24.86
5/1/2017,12.04,13.72,13.72,,,,,,0,1,24.86
5/2/2017,12.04,13.72,13.72,,,,,,0,1,24.85
5/3/2017,12.04,13.72,13.72,,,,,,0,1,24.88
5/4/2017,12.04,13.72,13.72,,,,,,0,1,24.87
5/5/2017,12.04,13.72,13.72,,,,,,0,1,24.86
5/6/2017,12.04,13.72,13.72,,,,,,0,1,24.87
5/7/2017,12.04,13.72,13.72,,,,,,0,1,24.9
5/8/2017,12.04,13.72,13.72,,,,,,0,1,24.91
5/9/2017,12.04,13.72,13.72,,,,,,0,1,24.95
5/10/2017,12.04,13.72,13.72,,,,,,0,1,24.97
5/11/2017,12.04,13.72,13.72,,,,,,0,1,24.99
5/12/2017,12.04,13.72,13.72,,,,,,0,1,25.02
5/13/2017,12.04,13.72,13.72,,,,,,0,1,25.02
5/14/2017,12.04,13.72,13.72,,,,,,0,1,25.01
5/15/2017,12.04,13.72,13.72,,,,,,0,1,25.01
5/16/2017,12.04,13.72,13.72,,,,,,0,1,25.01
5/17/2017,12.04,13.72,13.72,,,,,,0,1,25.01
5/18/2017,12.04,13.72,13.72,,,,,,0,1,25
5/19/2017,12.04,13.72,13.72,,,,,,0,1,24.98
5/20/2017,12.04,13.72,13.72,,,,,,0,1,24.99
5/21/2017,12.04,13.72,13.72,,,,,,0,1,24.97
5/22/2017,12.04,13.72,13.72,,,,,,0,1,24.99
5/23/2017,12.04,13.72,13.72,,,,,,0,1,24.98
5/24/2017,12.04,13.72,13.72,,,,,,0,1,24.96
5/25/2017,12.04,13.72,13.72,,,,,,0,1,24.98
5/26/2017,12.04,13.72,13.72,,,,,,0,1,25
5/27/2017,12.04,13.72,13.72,,,,,,0,1,25.01
5/28/2017,12.04,13.72,13.72,,,,,,0,1,25.03
5/29/2017,12.04,13.72,13.72,,,,,,0,1,25.05
5/30/2017,12.04,13.72,13.72,,,,,,0,1,25.03
5/31/2017,12.04,13.72,13.72,,,,,,0,1,25.05
6/1/2017,12.04,13.72,13.72,,,,,,0,1,25.06
6/2/2017,12.04,13.72,13.72,,,,,,0,1,25.06
6/3/2017,12.04,13.72,13.72,,,,,,0,1,25.04
6/4/2017,12.04,13.72,13.72,,,,,,0,1,25.05
6/5/2017,12.04,13.72,13.72,,,,,,0,1,25.07
6/6/2017,12.04,13.72,13.72,,,,,,0,1,25.05
6/7/2017,12.04,13.72,13.72,,,,,,0,1,25.04
6/8/2017,12.04,13.72,13.72,,,,,,0,1,25.04
6/9/2017,12.04,13.72,13.72,,,,,,0,1,25.07
6/10/2017,12.04,13.72,13.72,,,,,,0,1,25.06
6/11/2017,12.04,13.72,13.72,,,,,,0,1,25.05
6/12/2017,12.04,13.72,13.72,,,,,,0,1,25.04
6/13/2017,12.04,13.72,13.72,,,,,,0,1,25.02
6/14/2017,12.04,13.72,13.72,,,,,,0,1,25.01
6/15/2017,12.04,13.72,13.72,,,,,,0,1,25
6/16/2017,12.04,13.72,13.72,,,,,,0,1,25.01
6/17/2017,12.04,13.72,13.72,,,,,,0,1,25.01
6/18/2017,12.04,13.72,13.72,,,,,,0,1,24.99
6/19/2017,12.04,13.72,13.72,,,,,,0,1,24.98
6/20/2017,12.04,13.72,13.72,,,,,,0,1,24.96
6/21/2017,12.04,13.72,13.72,,,,,,0,1,24.97
6/22/2017,12.04,13.72,13.72,,,,,,0,1,24.95
6/23/2017,12.04,13.72,13.72,,,,,,0,1,24.95
6/24/2017,12.04,13.72,13.72,,,,,,0,1,24.94
6/25/2017,12.04,13.72,13.72,,,,,,0,1,24.92
6/26/2017,12.04,13.72,13.72,,,,,,0,1,24.92
6/27/2017,12.04,13.72,13.72,,,,,,0,1,24.92
6/28/2017,12.04,13.72,13.72,,,,,,0,1,24.92
6/29/2017,12.04,13.72,13.72,,,,,,0,1,24.91
6/30/2017,12.04,13.72,13.72,,,,,,0,1,24.9
7/1/2017,12.04,13.72,13.72,,,,,,0,1,24.89
7/2/2017,12.04,13.72,13.72,,,,,,0,1,24.88
7/3/2017,12.04,13.72,13.72,,,,,,0,1,24.89
7/4/2017,12.04,13.72,13.72,,,,,,0,1,24.89
7/5/2017,12.04,13.72,13.72,,,,,,0,1,24.9
7/6/2017,12.04,13.72,13.72,,,,,,0,1,24.9
7/7/2017,12.04,13.72,13.72,,,,,,0,1,24.9
7/8/2017,12.04,13.72,13.72,,,,,,0,1,24.89
7/9/2017,12.04,13.72,13.72,,,,,,0,1,24.89
7/10/2017,12.04,13.72,13.72,,,,,,0,1,24.89
7/11/2017,12.04,13.72,13.72,,,,,,0,1,24.92
7/12/2017,12.04,13.72,13.72,,,,,,0,1,24.92
7/13/2017,12.04,13.72,13.72,,,,,,0,1,24.94
7/14/2017,12.04,13.72,13.72,,,,,,0,1,24.94
7/15/2017,12.04,13.72,13.72,,,,,,0,1,24.97
7/16/2017,12.04,13.72,13.72,,,,,,0,1,24.96
7/17/2017,12.04,13.72,13.72,,,,,,0,1,24.96
7/18/2017,12.04,13.72,13.72,,,,,,0,1,24.96
7/19/2017,12.04,13.72,13.72,,,,,,0,1,24.94
7/20/2017,12.04,13.72,13.72,,,,,,0,1,24.94
7/21/2017,12.04,13.72,13.72,,,,,,0,1,24.95
7/22/2017,12.04,13.72,13.72,,,,,,0,1,24.98
7/23/2017,12.04,13.72,13.72,,,,,,0,1,24.98
7/24/2017,12.04,13.72,13.72,,,,,,0,1,24.98
7/25/2017,12.04,13.72,13.72,,,,,,0,1,24.99
7/26/2017,12.04,13.72,13.72,,,,,,0,1,24.99
7/27/2017,12.04,13.72,13.72,,,,,,0,1,24.98
7/28/2017,12.04,13.72,13.72,,,,,,0,1,24.97
7/29/2017,12.04,13.72,13.72,,,,,,0,1,25.02
7/30/2017,12.04,13.72,13.72,,,,,,0,1,25.09
7/31/2017,12.04,13.72,13.72,,,,,,0,1,25.12
8/1/2017,12.04,13.72,13.72,,,,,,0,1,25.12
8/2/2017,12.04,13.72,13.72,,,,,,0,1,25.12
8/3/2017,12.04,13.72,13.72,,,,,,0,1,25.12
8/4/2017,12.04,13.72,13.72,,,,,,0,1,25.13
8/5/2017,12.04,13.72,13.72,,,,,,0,1,25.14
8/6/2017,12.04,13.72,13.72,,,,,,0,1,25.15
8/7/2017,12.04,13.72,13.72,,,,,,0,1,25.14
8/8/2017,12.04,13.72,13.72,,,,,,0,1,25.16
8/9/2017,12.04,13.72,13.72,,,,,,0,1,25.2
8/10/2017,12.04,13.72,13.72,,,,,,0,1,25.24
8/11/2017,12.04,13.72,13.72,,,,,,0,1,25.26
8/12/2017,12.04,13.72,13.72,,,,,,0,1,25.28
8/13/2017,12.04,13.72,13.72,,,,,,0,1,25.29
8/14/2017,12.04,13.72,13.72,,,,,,0,1,25.29
8/15/2017,12.04,13.72,13.72,,,,,,0,1,25.32
8/16/2017,12.04,13.72,13.72,,,,,,0,1,25.33
8/17/2017,12.04,13.72,13.72,,,,,,0,1,25.34
8/18/2017,12.04,13.72,13.72,,,,,,0,1,25.34
8/19/2017,12.04,13.72,13.72,,,,,,0,1,25.39
8/20/2017,12.04,13.72,13.72,,,,,,0,1,25.44
8/21/2017,12.04,13.72,13.72,,,,,,0,1,25.46
8/22/2017,12.04,13.72,13.72,,,,,,0,1,25.46
8/23/2017,12.04,13.72,13.72,,,,,,0,1,25.47
8/24/2017,12.04,13.72,13.72,,,,,,0,1,25.47
8/25/2017,12.04,13.72,13.72,,,,,2,0,1,25.49
8/26/2017,12.04,13.72,13.72,,,,,,0,1,25.49
8/27/2017,12.04,13.72,13.72,,,,,,0,1,25.51
8/28/2017,12.04,13.72,13.72,,,,,,0,1,25.56
8/29/2017,12.04,13.72,13.72,,,,,,0,1,25.58
8/30/2017,12.04,13.72,13.72,,,,,,0,1,25.6
8/31/2017,12.04,13.72,13.72,,,,,,0,1,25.61
9/1/2017,12.04,14.02,14.02,14.02,,,,,0,1,25.61
9/2/2017,12.04,14.02,14.02,,,,,,0,1,25.62
9/3/2017,12.04,14.02,14.02,,,,,,0,1,25.64
9/4/2017,12.04,14.02,14.02,,,,,,0,1,25.64
9/5/2017,12.04,14.02,14.02,,,,,,0,1,25.64
9/6/2017,12.04,14.02,14.02,,,,,,0,1,25.69
9/7/2017,12.04,14.02,14.02,,,,,,0,1,25.72
9/8/2017,12.04,14.02,14.02,,,,,,0,1,25.75
9/9/2017,12.04,14.02,14.02,,,,,,0,1,25.78
9/10/2017,12.04,14.02,14.02,,,,,,0,1,25.79
9/11/2017,12.04,14.02,14.02,,,,,,0,1,25.79
9/12/2017,12.04,14.02,14.02,,,,,,0,1,25.79
9/13/2017,12.04,14.02,14.02,,,,,,0,1,25.79
9/14/2017,12.04,14.02,14.02,,,,,,0,1,25.8
9/15/2017,12.04,14.02,14.02,,,,,,0,1,25.81
9/16/2017,12.04,14.02,14.02,,,,,,0,1,25.82
9/17/2017,12.04,14.02,14.02,,,,,,0,1,25.82
9/18/2017,12.04,14.02,14.02,,,,,,0,1,25.83
9/19/2017,12.04,14.02,14.02,,,,,,0,1,25.83
9/20/2017,12.04,14.02,14.02,,,,,,0,1,25.86
9/21/2017,12.04,14.02,14.02,,,,,,0,1,25.86
9/22/2017,12.04,14.02,14.02,,,,,,0,1,25.86
9/23/2017,12.04,14.02,14.02,,,,,,0,1,25.86
9/24/2017,12.04,14.02,14.02,,,,,,0,1,25.84
9/25/2017,12.04,14.02,14.02,,,,,,0,1,25.84
9/26/2017,12.04,14.02,14.02,,,,,,0,1,25.83
9/27/2017,12.04,14.02,14.02,,,,,,0,1,25.82
9/28/2017,12.04,14.02,14.02,,,,,,0,1,25.83
9/29/2017,12.04,14.02,14.02,,,,,,0,1,25.84
9/30/2017,12.04,14.02,14.02,,,,,,0,1,25.84
10/1/2017,12.04,14.02,14.02,,,,,,0,1,25.84
10/2/2017,12.04,14.02,14.02,,,,,,0,1,25.83
10/3/2017,12.04,14.02,14.02,,,,,,0,1,25.83
10/4/2017,12.04,14.02,14.02,,,,,,0,1,25.83
10/5/2017,12.04,14.02,14.02,,,,,,0,1,25.83
10/6/2017,12.04,14.02,14.02,,,,,,0,1,25.82
10/7/2017,12.04,14.02,14.02,,,,,,0,1,25.8
10/8/2017,12.04,14.02,14.02,,,,,,0,1,25.79
10/9/2017,12.04,14.02,14.02,,,,,,0,1,25.8
10/10/2017,12.04,14.02,14.02,,,,,,0,1,25.8
10/11/2017,12.04,14.02,14.02,,,,,,0,1,25.79
10/12/2017,12.04,14.02,14.02,,,,,,0,1,25.8
10/13/2017,12.04,14.02,14.02,,,,,,0,1,25.79
10/14/2017,12.04,14.02,14.02,,,,,,0,1,25.79
10/15/2017,12.04,14.02,14.02,,,,,,0,1,25.78
10/16/2017,12.04,14.02,14.02,,,,,,0,1,25.78
10/17/2017,12.04,14.02,14.02,,,,,,0,1,25.79
10/18/2017,12.04,14.02,14.02,,,,,,0,1,25.8
10/19/2017,12.04,14.02,14.02,,,,,,0,1,25.82
10/20/2017,12.04,14.02,14.02,,,,,,0,1,25.83
10/21/2017,12.04,14.02,14.02,,,,,,0,1,25.83
10/22/2017,12.04,14.02,14.02,,,,,,0,1,25.86
10/23/2017,12.04,14.02,14.02,,,,,,0,1,25.87
10/24/2017,12.04,14.02,14.02,,,,,,0,1,25.88
10/25/2017,12.04,14.02,14.02,,,,,,0,1,25.9
10/26/2017,12.04,14.02,14.02,,,,,,0,1,25.9
10/27/2017,12.04,14.02,14.02,,,,,,0,1,25.91
10/28/2017,12.04,14.02,14.02,,,,,,0,1,25.93
10/29/2017,12.04,14.02,14.02,,,,,,0,1,25.91
10/30/2017,12.04,14.02,14.02,,,,,,0,1,25.9
10/31/2017,12.04,14.02,14.02,,,,,,0,1,25.9
11/1/2017,12.04,14.02,14.02,,,,,,0,1,25.9
11/2/2017,12.04,14.02,14.02,,,,,,0,1,25.9
11/3/2017,12.04,14.02,14.02,,,,,,0,1,25.9
11/4/2017,12.04,14.02,14.02,,,,,,0,1,25.93
11/5/2017,12.04,14.02,14.02,,,,,,0,1,25.95
11/6/2017,12.04,14.02,14.02,,,,,,0,1,25.96
11/7/2017,12.04,14.02,14.02,,,,,,0,1,25.96
11/8/2017,12.04,14.02,14.02,,,,,,0,1,25.96
11/9/2017,12.04,14.02,14.02,,,,,,0,1,25.98
11/10/2017,12.04,14.02,14.02,,,,,,0,1,25.99
11/11/2017,12.04,14.02,14.02,,,,,,0,1,26
11/12/2017,12.04,14.02,14.02,,,,,,0,1,26.02
11/13/2017,12.04,14.02,14.02,,,,,,0,1,26.05
11/14/2017,12.04,14.02,14.02,,,,,,0,1,26.08
11/15/2017,12.04,14.02,14.02,,,,,,0,1,26.11
11/16/2017,12.04,14.02,14.02,,,,,,0,1,26.21
11/17/2017,12.04,14.02,14.02,,,,,,0,1,26.34
11/18/2017,12.04,14.02,14.02,,,,,,0,1,26.38
11/19/2017,12.04,14.02,14.02,,,,,,0,1,26.4
11/20/2017,12.04,14.02,14.02,,,,,,0,1,26.39
11/21/2017,12.04,14.02,14.02,,,,,,0,1,26.39
11/22/2017,12.04,14.02,14.02,,,,,,0,1,26.38
11/23/2017,12.04,14.02,14.02,,,,,,0,1,26.38
11/24/2017,12.04,14.02,14.02,,,,,,0,1,26.39
11/25/2017,12.04,14.02,14.02,,,,,,0,1,26.39
11/26/2017,12.04,14.02,14.02,,,,,,0,1,26.4
11/27/2017,12.04,14.02,14.02,,,,,,0,1,26.42
11/28/2017,12.04,14.02,14.02,,,,,,0,1,26.43
11/29/2017,12.04,14.02,14.02,,,,,,0,1,26.44
11/30/2017,12.04,14.02,14.02,,,,,,0,1,26.45
12/1/2017,12.04,14.02,14.02,,,,,,0,1,26.54
12/2/2017,12.04,14.02,14.02,,,,,,0,1,26.57
12/3/2017,12.04,14.02,14.02,,,,,,0,1,26.62
12/4/2017,12.04,14.02,14.02,,,,,,0,1,26.64
12/5/2017,12.04,14.02,14.02,,,,,,0,1,26.65
12/6/2017,12.04,14.02,14.02,,,,,,0,1,26.65
12/7/2017,12.04,14.02,14.02,,,,,,0,1,26.67
12/8/2017,12.04,14.02,14.02,,,,,,0,1,26.73
12/9/2017,12.04,14.02,14.02,,,,,,0,1,26.78
12/10/2017,12.04,14.02,14.02,,,,,,0,1,26.82
12/11/2017,12.04,14.02,14.02,,,,,,0,1,26.82
12/12/2017,12.04,14.02,14.02,,,,,,0,1,26.83
12/13/2017,12.04,14.02,14.02,,,,,,0,1,26.85
12/14/2017,12.04,14.33,14.33,14.33,,,,,0,1,26.87
12/15/2017,12.04,14.33,14.33,,,,,,0,1,26.85
12/16/2017,12.04,14.33,14.33,,,,,,0,1,26.84
12/17/2017,12.04,14.33,14.33,,,,,,0,1,26.84
12/18/2017,12.04,14.33,14.33,,,,,,0,1,26.83
12/19/2017,12.04,14.33,14.33,,,,,,0,1,26.82
12/20/2017,12.04,14.33,14.33,,,,,,0,1,26.81
12/21/2017,12.04,14.33,14.33,,,,,,0,1,26.8
12/22/2017,12.04,14.33,14.33,,,,,,0,1,26.79
12/23/2017,12.04,14.33,14.33,,,,,,0,1,26.78
12/24/2017,12.04,14.33,14.33,,,,,,0,1,26.77
12/25/2017,12.04,14.33,14.33,,,,,,0,1,26.75
12/26/2017,12.04,14.33,14.33,,,,,,0,1,26.74
12/27/2017,12.04,14.33,14.33,,,,,,0,1,26.74
12/28/2017,12.04,14.33,14.33,,,,,,0,1,26.73
12/29/2017,12.04,14.33,14.33,,,,,,0,1,26.75
12/30/2017,12.04,14.33,14.33,,,,,,0,1,26.78
12/31/2017,12.04,14.33,14.33,,,,,,0,1,26.79
1/1/2018,12.04,14.33,14.33,,,,,,0,1,26.82
1/2/2018,12.04,14.33,14.33,,,,,,0,1,26.88
1/3/2018,12.04,14.33,14.33,,,,,,0,1,26.9
1/4/2018,12.04,14.33,14.33,,,,,,0,1,26.92
1/5/2018,12.04,14.33,14.33,,,,,,0,1,26.95
1/6/2018,12.04,14.33,14.33,,,,,,0,1,26.97
1/7/2018,12.04,14.33,14.33,,,,,,0,1,26.98
1/8/2018,12.04,14.33,14.33,,,,,,0,1,26.96
1/9/2018,12.04,14.33,14.33,,,,,,0,1,26.97
1/10/2018,12.04,14.33,14.33,,,,,,0,1,26.97
1/11/2018,12.04,14.33,14.33,,,,,,0,1,26.95
1/12/2018,12.04,14.33,14.33,,,,,,0,1,26.94
1/13/2018,12.04,14.33,14.33,,,,,,0,1,26.97
1/14/2018,12.04,14.33,14.33,,,,,,0,1,26.98
1/15/2018,12.04,14.33,14.33,,,,,,0,1,26.98
1/16/2018,12.04,14.33,14.33,,,,,,0,1,26.98
1/17/2018,12.04,14.33,14.33,,,,,,0,1,26.98
1/18/2018,12.04,14.33,14.33,,,,,,0,1,26.95
1/19/2018,12.04,14.33,14.33,,,,,,0,1,26.95
1/20/2018,12.04,14.33,14.33,,,,,,0,1,26.94
1/21/2018,12.04,14.33,14.33,,,,,,0,1,26.93
1/22/2018,12.04,14.33,14.33,,,,,,0,1,26.94
1/23/2018,12.04,14.33,14.33,,,,,,0,1,26.95
1/24/2018,12.04,14.33,14.33,,,,,,0,1,26.94
1/25/2018,12.04,14.33,14.33,,,,,,0,1,26.93
1/26/2018,12.04,14.33,14.33,,,,,,0,1,26.92
1/27/2018,12.04,14.33,14.33,,,,,,0,1,26.9
1/28/2018,12.04,14.33,14.33,,,,,,0,1,26.88
1/29/2018,12.04,14.33,14.33,,,,,,0,1,26.87
1/30/2018,12.04,14.33,14.33,,,,,,0,1,26.85
1/31/2018,12.04,14.33,14.33,,,,,,0,1,26.83
2/1/2018,12.04,14.33,14.33,,,,,,0,1,26.81
2/2/2018,12.04,14.33,14.33,,,,,,0,1,26.79
2/3/2018,12.04,14.33,14.33,,,,,,0,1,26.78
2/4/2018,12.04,14.33,14.33,,,,,,0,1,26.76
2/5/2018,12.04,14.33,14.33,,,,,,0,1,26.75
2/6/2018,12.04,14.33,14.33,,,,,,0,1,26.72
2/7/2018,12.04,14.33,14.33,,,,,,0,1,26.71
2/8/2018,12.04,14.33,14.33,,,,,,0,1,26.69
2/9/2018,12.04,15.2,15.2,15.2,,,,2,0,1,26.67
2/10/2018,12.04,15.2,15.2,,,,,,0,1,26.65
2/11/2018,12.04,15.2,15.2,,,,,,0,1,26.64
2/12/2018,12.04,15.2,15.2,,,,,,0,1,26.62
2/13/2018,12.04,15.2,15.2,,,,,,0,1,26.59
2/14/2018,12.04,15.2,15.2,,,,,,0,1,26.56
2/15/2018,12.04,15.2,15.2,,,,,,0,1,26.54
2/16/2018,12.04,15.2,15.2,,,,,,0,1,26.51
2/17/2018,12.04,15.2,15.2,,,,,,0,1,26.49
2/18/2018,12.04,15.2,15.2,,,,,,0,1,26.48
2/19/2018,12.04,15.2,15.2,,,,,1,1,0,26.46
2/20/2018,12.04,15.2,15.2,,,,,,1,0,26.44
2/21/2018,12.04,15.2,15.2,,,,,,1,0,26.42
2/22/2018,12.04,15.2,15.2,,,,,,1,0,26.39
2/23/2018,12.04,15.2,15.2,,,,,,1,0,26.38
2/24/2018,12.04,15.2,15.2,,,,,,1,0,26.36
2/25/2018,12.04,15.2,15.2,,,,,,1,0,26.36
2/26/2018,12.04,15.2,15.2,,,,,,1,0,26.34
2/27/2018,12.04,15.2,15.2,,,,,,1,0,26.33
2/28/2018,12.04,15.2,15.2,,,,,,1,0,26.31
3/1/2018,12.04,15.2,15.2,,,,,,1,0,26.29
3/2/2018,12.04,15.2,15.2,,,,,,1,0,26.27
3/3/2018,12.04,15.2,15.2,,,,,,1,0,26.26
3/4/2018,12.04,15.2,15.2,,,,,,1,0,26.24
3/5/2018,12.04,15.2,15.2,,,,,,1,0,26.23
3/6/2018,12.04,15.2,15.2,,,,,,1,0,26.21
3/7/2018,12.04,15.2,15.2,,,,,,1,0,26.2
3/8/2018,12.04,15.2,15.2,,,,,,1,0,26.19
3/9/2018,12.04,15.2,15.2,,,,,,1,0,26.17
3/10/2018,12.04,15.2,15.2,,,,,,1,0,26.16
3/11/2018,12.04,15.2,15.2,,,,,,1,0,26.15
3/12/2018,12.04,15.2,15.2,,,,,,1,0,26.13
3/13/2018,12.04,15.2,15.2,,,,,,1,0,26.12
3/14/2018,12.04,15.2,15.2,,,,,,1,0,26.11
3/15/2018,12.04,15.2,15.2,,,,,,1,0,26.1
3/16/2018,12.04,15.2,15.2,,,,,,1,0,26.08
3/17/2018,12.04,15.2,15.2,,,,,,1,0,26.07
3/18/2018,12.04,15.2,15.2,,,,,,1,0,26.07
3/19/2018,12.04,14.94,14.94,14.94,,,,,1,0,26.05
3/20/2018,12.04,14.94,14.94,,,,,,1,0,26.04
3/21/2018,12.04,14.94,14.94,,,,,,1,0,26.02
3/22/2018,12.04,14.94,14.94,,,,,,1,0,26.01
3/23/2018,12.04,14.94,14.94,,,,,,1,0,26.07
3/24/2018,12.04,14.94,14.94,,,,,,1,0,26.06
3/25/2018,12.04,14.94,14.94,,,,,,1,0,26.05
3/26/2018,12.04,14.94,14.94,,,,,,1,0,26.04
3/27/2018,12.04,14.94,14.94,,,,,,1,0,26.03
3/28/2018,12.04,14.94,14.94,,,,,,1,0,26.02
3/29/2018,12.04,14.94,14.94,,,,,,1,0,26
3/30/2018,12.04,14.94,14.94,,,,,,1,0,25.99
3/31/2018,12.04,14.94,14.94,,,,,,1,0,25.97
4/1/2018,12.04,14.94,14.94,,,,,,1,0,25.96
4/2/2018,12.04,14.94,14.94,,,,,,1,0,25.94
4/3/2018,12.04,14.94,14.94,,,,,,1,0,25.93
4/4/2018,12.04,14.94,14.94,,,,,,1,0,25.92
4/5/2018,12.04,14.94,14.94,,,,,,1,0,25.91
4/6/2018,12.04,14.94,14.94,,,,,,1,0,25.9
4/7/2018,12.04,14.94,14.94,,,,,,1,0,25.89
4/8/2018,12.04,14.94,14.94,,,,,,1,0,25.87
4/9/2018,12.04,14.94,14.94,,,,,,1,0,25.86
4/10/2018,12.04,14.94,14.94,,,,,,1,0,25.85
4/11/2018,12.04,14.94,14.94,,,,,,1,0,25.84
4/12/2018,12.04,14.94,14.94,,,,,,1,0,25.83
4/13/2018,12.04,14.94,14.94,,,,,,1,0,25.83
4/14/2018,12.04,14.94,14.94,,,,,,1,0,25.82
4/15/2018,12.04,14.94,14.94,,,,,,1,0,25.8
4/16/2018,12.04,14.94,14.94,,,,,,1,0,25.79
4/17/2018,12.04,14.94,14.94,,,,,,1,0,25.78
4/18/2018,12.04,14.94,14.94,,,,,1,1,0,25.76
4/19/2018,12.04,14.94,14.94,,,,,,1,0,25.75
4/20/2018,12.04,14.94,14.94,,,,,,1,0,25.73
4/21/2018,12.04,14.94,14.94,,,,,,1,0,25.73
4/22/2018,12.04,14.94,14.94,,,,,,1,0,25.72
4/23/2018,12.04,14.94,14.94,,,,,,1,0,25.71
4/24/2018,12.04,14.94,14.94,,,,,,1,0,25.71
4/25/2018,12.04,14.94,14.94,,,,,,1,0,25.69
4/26/2018,12.04,14.94,14.94,,,,,,1,0,25.69
4/27/2018,12.04,14.63,14.63,14.63,,,,,1,0,25.7
4/28/2018,12.04,14.63,14.63,,,,,,1,0,25.69
4/29/2018,12.04,14.63,14.63,,,,,,1,0,25.69
4/30/2018,12.04,14.63,14.63,,,,,,1,0,25.67
5/1/2018,12.04,14.63,14.63,,,,,,1,0,25.66
5/2/2018,12.04,14.63,14.63,,,,,,1,0,25.65
5/3/2018,12.04,14.63,14.63,,,,,,1,0,25.65
5/4/2018,12.04,14.63,14.63,,,,,,1,0,25.68
5/5/2018,12.04,14.63,14.63,,,,,,1,0,25.68
5/6/2018,12.04,14.63,14.63,,,,,2,0,1,25.69
5/7/2018,12.04,14.63,14.63,,,,,,0,1,25.7
5/8/2018,12.04,14.63,14.63,,,,,,0,1,25.71
5/9/2018,12.04,14.63,14.63,,,,,,0,1,25.69
5/10/2018,12.04,14.63,14.63,,,,,,0,1,25.68
5/11/2018,12.04,14.63,14.63,,,,,,0,1,25.67
5/12/2018,12.04,14.63,14.63,,,,,,0,1,25.65
5/13/2018,12.04,14.63,14.63,,,,,,0,1,25.69
5/14/2018,12.04,14.63,14.63,,,,,2,0,1,25.7
5/15/2018,12.04,14.63,14.63,,,,,,0,1,25.7
5/16/2018,12.04,14.63,14.63,,,,,,0,1,25.69
5/17/2018,12.04,14.63,14.63,,,,,,0,1,25.69
5/18/2018,12.04,14.63,14.63,,,,,,0,1,25.69
5/19/2018,12.04,14.63,14.63,,,,,,0,1,25.69
5/20/2018,12.04,14.63,14.63,,,,,,0,1,25.68
5/21/2018,12.04,14.63,14.63,,,,,,0,1,25.67
5/22/2018,12.04,14.63,14.63,,,,,,0,1,25.66
5/23/2018,12.04,14.63,14.63,,,,,,0,1,25.65
5/24/2018,12.04,14.63,14.63,,,,,,0,1,25.68
5/25/2018,12.04,14.63,14.63,,,,,,0,1,25.67
5/26/2018,12.04,14.63,14.63,,,,,,0,1,25.68
5/27/2018,12.04,14.63,14.63,,,,,,0,1,25.66
5/28/2018,12.04,14.63,14.63,,,,,,0,1,25.65
5/29/2018,12.04,14.63,14.63,,,,,,0,1,25.66
5/30/2018,12.04,14.63,14.63,,,,,,0,1,25.66
5/31/2018,12.04,14.63,14.63,,,,,,0,1,25.66
6/1/2018,12.04,14.63,14.63,,,,,,0,1,25.69
6/2/2018,12.04,14.63,14.63,,,,,,0,1,25.67
6/3/2018,12.04,14.63,14.63,,,,,,0,1,25.65
6/4/2018,12.04,14.63,14.63,,,,,,0,1,25.67
6/5/2018,12.04,14.63,14.63,,,,,,0,1,25.71
6/6/2018,12.04,14.63,14.63,,,,,,0,1,25.72
6/7/2018,12.04,14.63,14.63,,,,,,0,1,25.72
6/8/2018,12.04,14.63,14.63,,,,,,0,1,25.8
6/9/2018,12.04,14.63,14.63,,,,,,0,1,25.84
6/10/2018,12.04,14.63,14.63,,,,,,0,1,25.91
6/11/2018,12.04,14.63,14.63,,,,,,0,1,26.02
6/12/2018,12.04,14.63,14.63,,,,,,0,1,26.05
6/13/2018,12.04,14.94,14.94,14.94,,,,2,0,1,26.05
6/14/2018,12.04,14.94,14.94,,,,,,0,1,26.04
6/15/2018,12.04,14.94,14.94,,,,,,0,1,26.04
6/16/2018,12.04,14.94,14.94,,,,,,0,1,26.04
6/17/2018,12.04,14.94,14.94,,,,,,0,1,26.04
6/18/2018,12.04,14.94,14.94,,,,,,0,1,26.05
6/19/2018,12.04,14.94,14.94,,,,,,0,1,26.12
6/20/2018,12.04,14.94,14.94,,,,,,0,1,26.14
6/21/2018,12.04,14.94,14.94,,,,,,0,1,26.14
6/22/2018,12.04,14.94,14.94,,,,,,0,1,26.14
6/23/2018,12.04,14.94,14.94,,,,,,0,1,26.23
6/24/2018,12.04,14.94,14.94,,,,,,0,1,26.26
6/25/2018,12.04,14.94,14.94,,,,,,0,1,26.26
6/26/2018,12.04,15.24,15.24,15.24,,,,2,0,1,26.33
6/27/2018,12.04,15.24,15.24,,,,,,0,1,26.35
6/28/2018,12.04,15.24,15.24,,,,,,0,1,26.38
6/29/2018,12.04,15.24,15.24,,,,,,0,1,26.39
6/30/2018,12.04,15.24,15.24,,,,,,0,1,26.4
7/1/2018,12.04,15.24,15.24,,,,,,0,1,26.44
7/2/2018,12.04,15.24,15.24,,,,,,0,1,26.5
7/3/2018,12.04,15.24,15.24,,,,,,0,1,26.5
7/4/2018,12.04,15.24,15.24,,,,,,0,1,26.49
7/5/2018,12.04,15.24,15.24,,,,,,0,1,26.49
7/6/2018,12.04,15.24,15.24,,,,,,0,1,26.54
7/7/2018,12.04,15.24,15.24,,,,,,0,1,26.52
7/8/2018,12.04,15.24,15.24,,,,,,0,1,26.48
7/9/2018,12.04,15.24,15.24,,,,,,0,1,26.45
7/10/2018,12.04,15.24,15.24,,,,,,0,1,26.42
7/11/2018,12.04,15.24,15.24,,,,,,0,1,26.4
7/12/2018,12.04,15.24,15.24,,,,,,0,1,26.37
7/13/2018,12.04,15.24,15.24,,,,,,0,1,26.34
7/14/2018,12.04,15.24,15.24,,,,,,0,1,26.33
7/15/2018,12.04,15.24,15.24,,,,,,0,1,26.32
7/16/2018,12.04,15.24,15.24,,,,,,0,1,26.33
7/17/2018,12.04,15.24,15.24,,,,,,0,1,26.33
7/18/2018,12.04,15.24,15.24,,,,,,0,1,26.32
7/19/2018,12.04,15.24,15.24,,,,,,0,1,26.3
7/20/2018,12.04,15.24,15.24,,,,,,0,1,26.33
7/21/2018,12.04,15.24,15.24,,,,,,0,1,26.33
7/22/2018,12.04,15.24,15.24,,,,,,0,1,26.34
7/23/2018,12.04,15.24,15.24,,,,,,0,1,26.36
7/24/2018,12.04,15.24,15.24,,,,,,0,1,26.37
7/25/2018,12.04,15.24,15.24,,,,,,0,1,26.4
7/26/2018,12.04,15.24,15.24,,,,,,0,1,26.42
7/27/2018,12.04,15.24,15.24,,,,,,0,1,26.44
7/28/2018,12.04,15.24,15.24,,,,,,0,1,26.44
7/29/2018,12.04,15.24,15.24,,,,,,0,1,26.44
7/30/2018,12.04,15.24,15.24,,,,,,0,1,26.51
7/31/2018,12.04,15.24,15.24,,,,,,0,1,26.5
8/1/2018,12.04,15.24,15.24,,,,,,0,1,26.49
8/2/2018,12.04,15.24,15.24,,,,,,0,1,26.48
8/3/2018,12.04,15.24,15.24,,,,,,0,1,26.46
8/4/2018,12.04,15.24,15.24,,,,,,0,1,26.5
8/5/2018,12.04,15.24,15.24,,,,,,0,1,26.48
8/6/2018,12.04,15.24,15.24,,,,,,0,1,26.47
8/7/2018,12.04,15.24,15.24,,,,,,0,1,26.47
8/8/2018,12.04,15.24,15.24,,,,,,0,1,26.47
8/9/2018,12.04,15.24,15.24,,,,,,0,1,26.5
8/10/2018,12.04,15.24,15.24,,,,,,0,1,26.49
8/11/2018,12.04,15.24,15.24,,,,,,0,1,26.47
8/12/2018,12.04,15.24,15.24,,,,,,0,1,26.44
8/13/2018,12.04,15.24,15.24,,,,,,0,1,26.42
8/14/2018,12.04,15.24,15.24,,,,,,0,1,26.43
8/15/2018,12.04,15.24,15.24,,,,,,0,1,26.45
8/16/2018,12.04,15.24,15.24,,,,,,0,1,26.43
8/17/2018,12.04,15.24,15.24,,,,,,0,1,26.41
8/18/2018,12.04,15.24,15.24,,,,,,0,1,26.41
8/19/2018,12.04,15.24,15.24,,,,,,0,1,26.4
8/20/2018,12.04,15.24,15.24,,,,,,0,1,26.38
8/21/2018,12.04,15.24,15.24,,,,,,0,1,26.36
8/22/2018,12.04,15.24,15.24,,,,,,0,1,26.4
8/23/2018,12.04,15.24,15.24,,,,,,0,1,26.39
8/24/2018,12.04,15.24,15.24,,,,,,0,1,26.37
8/25/2018,12.04,15.24,15.24,,,,,,0,1,26.33
8/26/2018,12.04,15.24,15.24,,,,,,0,1,26.3
8/27/2018,12.04,15.24,15.24,,,,,,0,1,26.28
8/28/2018,12.04,15.24,15.24,,,,,,0,1,26.26
8/29/2018,12.04,15.24,15.24,,,,,,0,1,26.25
8/30/2018,12.04,15.24,15.24,,,,,,0,1,26.24
8/31/2018,12.04,15.24,15.24,,,,,,0,1,26.22
9/1/2018,12.04,15.24,15.24,,,,,,0,1,26.21
9/2/2018,12.04,15.24,15.24,,,,,,0,1,26.19
9/3/2018,12.04,15.24,15.24,,,,,,0,1,26.18
9/4/2018,12.04,15.24,15.24,,,,,,0,1,26.19
9/5/2018,12.04,15.24,15.24,,,,,,0,1,26.2
9/6/2018,12.04,15.24,15.24,,,,,,0,1,26.25
9/7/2018,12.04,15.24,15.24,,,,,,0,1,26.27
9/8/2018,12.04,15.24,15.24,,,,,,0,1,26.28
9/9/2018,12.04,15.24,15.24,,,,,,0,1,26.29
9/10/2018,12.04,15.24,15.24,,,,,,0,1,26.28
9/11/2018,12.04,15.24,15.24,,,,,,0,1,26.28
9/12/2018,12.04,15.24,15.24,,,,,,0,1,26.26
9/13/2018,12.04,15.24,15.24,,,,,,0,1,26.26
9/14/2018,12.04,15.24,15.24,,,,,,0,1,26.26
9/15/2018,12.04,15.24,15.24,,,,,,0,1,26.28
9/16/2018,12.04,15.24,15.24,,,,,,0,1,26.29
9/17/2018,12.04,15.24,15.24,,,,,,0,1,26.29
9/18/2018,12.04,15.24,15.24,,,,,,0,1,26.28
9/19/2018,12.04,15.24,15.24,,,,,,0,1,26.3
9/20/2018,12.04,15.24,15.24,,,,,,0,1,26.29
9/21/2018,12.04,15.24,15.24,,,,,,0,1,26.28
9/22/2018,12.04,15.24,15.24,,,,,,0,1,26.3
9/23/2018,12.04,15.24,15.24,,,,,,0,1,26.33
9/24/2018,12.04,15.24,15.24,,,,,,0,1,26.42
9/25/2018,12.04,15.24,15.24,,,,,,0,1,26.43
9/26/2018,12.04,15.24,15.24,,,,,,0,1,26.49
9/27/2018,12.04,15.24,15.24,,,,,,0,1,26.53
9/28/2018,12.04,15.24,15.24,,,,,,0,1,26.55
9/29/2018,12.04,15.24,15.24,,,,,,0,1,26.58
9/30/2018,12.04,15.24,15.24,,,,,,0,1,26.59
10/1/2018,12.04,15.24,15.24,,,,,,0,1,26.65
10/2/2018,12.04,15.24,15.24,,,,,,0,1,26.77
10/3/2018,12.04,15.24,15.24,,,,,,0,1,26.75
10/4/2018,12.04,15.24,15.24,,,,,,0,1,26.72
10/5/2018,12.04,15.24,15.24,,,,,,0,1,26.68
10/6/2018,12.04,15.24,15.24,,,,,,0,1,26.65
10/7/2018,12.04,15.24,15.24,,,,,,0,1,26.61
10/8/2018,12.04,15.24,15.24,,,,,,0,1,26.58
10/9/2018,12.04,15.24,15.24,,,,,,0,1,26.61
10/10/2018,12.04,15.24,15.24,,,,,,0,1,26.62
10/11/2018,12.04,15.24,15.24,,,,,,0,1,26.64
10/12/2018,12.04,15.24,15.24,,,,,,0,1,26.72
10/13/2018,12.04,15.24,15.24,,,,,,0,1,26.72
10/14/2018,12.04,15.24,15.24,,,,,,0,1,26.73
10/15/2018,12.04,15.24,15.24,,,,,,0,1,26.69
10/16/2018,12.04,15.24,15.24,,,,,,0,1,26.67
10/17/2018,12.04,15.24,15.24,,,,,,0,1,26.64
10/18/2018,12.04,15.24,15.24,,,,,,0,1,26.63
10/19/2018,12.04,15.24,15.24,,,,,,0,1,26.64
10/20/2018,12.04,15.24,15.24,,,,,,0,1,26.63
10/21/2018,12.04,15.24,15.24,,,,,,0,1,26.64
10/22/2018,12.04,15.24,15.24,,,,,,0,1,26.7
10/23/2018,12.04,15.24,15.24,,,,,,0,1,26.71
10/24/2018,12.04,15.24,15.24,,,,,,0,1,26.69
10/25/2018,12.04,15.24,15.24,,,,,,0,1,26.67
10/26/2018,12.04,15.24,15.24,,,,,,0,1,26.66
10/27/2018,12.04,15.24,15.24,,,,,,0,1,26.67
10/28/2018,12.04,15.24,15.24,,,,,,0,1,26.65
10/29/2018,12.04,15.24,15.24,,,,,,0,1,26.64
10/30/2018,12.04,15.24,15.24,,,,,,0,1,26.62
10/31/2018,12.04,15.24,15.24,,,,,,0,1,26.61
11/1/2018,12.04,15.24,15.24,,,,,,0,1,26.64
11/2/2018,12.04,15.24,15.24,,,,,,0,1,26.63
11/3/2018,12.04,15.24,15.24,,,,,,0,1,26.63
11/4/2018,12.04,15.24,15.24,,,,,,0,1,26.66
11/5/2018,12.04,15.24,15.24,,,,,,0,1,26.69
11/6/2018,12.04,15.24,15.24,,,,,,0,1,26.69
11/7/2018,12.04,15.24,15.24,,,,,,0,1,26.68
11/8/2018,12.04,15.24,15.24,,,,,,0,1,26.68
11/9/2018,12.04,15.24,15.24,,,,,,0,1,26.7
11/10/2018,12.04,15.24,15.24,,,,,,0,1,26.7
11/11/2018,12.04,15.24,15.24,,,,,,0,1,26.71
11/12/2018,12.04,15.24,15.24,,,,,,0,1,26.71
11/13/2018,12.04,15.24,15.24,,,,,,0,1,26.72
11/14/2018,12.04,15.24,15.24,,,,,,0,1,26.75
11/15/2018,12.04,15.24,15.24,,,,,,0,1,26.79
11/16/2018,12.04,15.24,15.24,,,,,,0,1,26.8
11/17/2018,12.04,15.24,15.24,,,,,,0,1,26.81
11/18/2018,12.04,15.24,15.24,,,,,,0,1,26.83
11/19/2018,12.04,15.24,15.24,,,,,,0,1,26.88
11/20/2018,12.04,15.24,15.24,,,,,,0,1,26.9
11/21/2018,12.04,15.24,15.24,,,,,,0,1,26.95
11/22/2018,12.04,15.24,15.24,,,,,,0,1,27
11/23/2018,12.04,15.24,15.24,,,,,,0,1,26.98
11/24/2018,12.04,15.24,15.24,,,,,,0,1,26.99
11/25/2018,12.04,15.24,15.24,,,,,,0,1,26.98
11/26/2018,12.04,15.24,15.24,,,,,,0,1,26.97
11/27/2018,12.04,15.24,15.24,,,,,,0,1,26.96
11/28/2018,12.04,15.24,15.24,,,,,,0,1,26.97
11/29/2018,12.04,15.24,15.24,,,,,,0,1,26.97
11/30/2018,12.04,15.24,15.24,,,,,,0,1,26.97
12/1/2018,12.04,15.24,15.24,,,,,,0,1,26.97
12/2/2018,12.04,15.24,15.24,,,,,,0,1,26.96
12/3/2018,12.04,15.24,15.24,,,,,,0,1,26.96
12/4/2018,12.04,15.24,15.24,,,,,,0,1,26.96
12/5/2018,12.04,15.24,15.24,,,,,,0,1,26.95
12/6/2018,12.04,15.24,15.24,,,,,,0,1,26.95
12/7/2018,12.04,15.24,15.24,,,,,,0,1,26.94
12/8/2018,12.04,15.24,15.24,,,,,,0,1,26.93
12/9/2018,12.04,15.24,15.24,,,,,,0,1,26.92
12/10/2018,12.04,15.24,15.24,,,,,,0,1,26.9
12/11/2018,12.04,15.24,15.24,,,,,,0,1,26.88
12/12/2018,12.04,15.24,15.24,,,,,,0,1,26.87
12/13/2018,12.04,15.24,15.24,,,,,,0,1,26.86
12/14/2018,12.04,15.24,15.24,,,,,,0,1,26.85
12/15/2018,12.04,15.24,15.24,,,,,,0,1,26.83
12/16/2018,12.04,15.24,15.24,,,,,,0,1,26.82
12/17/2018,12.04,15.24,15.24,,,,,,0,1,26.8
12/18/2018,12.04,15.24,15.24,,,,,,0,1,26.78
12/19/2018,12.04,15.24,15.24,,,,,,0,1,26.76
12/20/2018,12.04,15.24,15.24,,,,,,0,1,26.75
12/21/2018,12.04,15.24,15.24,,,,,,0,1,26.72
12/22/2018,12.04,15.24,15.24,,,,,,0,1,26.71
12/23/2018,12.04,15.24,15.24,,,,,,0,1,26.68
12/24/2018,12.04,15.24,15.24,,,,,,0,1,26.65
12/25/2018,12.04,15.24,15.24,,,,,,0,1,26.64
12/26/2018,12.04,15.24,15.24,,,,,,0,1,26.61
12/27/2018,12.04,15.24,15.24,,,,,,0,1,26.59
12/28/2018,12.04,15.24,15.24,,,,,,0,1,26.57
12/29/2018,12.04,15.24,15.24,,,,,,0,1,26.55
12/30/2018,12.04,15.24,15.24,,,,,,0,1,26.52
12/31/2018,12.04,15.24,15.24,,,,,,0,1,26.5
1/1/2019,12.04,15.24,15.24,,,,,,0,1,26.48
1/2/2019,12.04,15.24,15.24,,,,,,0,1,26.45
1/3/2019,12.04,15.24,15.24,,,,,,0,1,26.43
1/4/2019,12.04,15.24,15.24,,,,,1,1,0,26.4
1/5/2019,12.04,15.24,15.24,,,,,,1,0,26.38
1/6/2019,12.04,15.24,15.24,,,,,,1,0,26.36
1/7/2019,12.04,15.24,15.24,,,,,,1,0,26.34
1/8/2019,12.04,15.24,15.24,,,,,,1,0,26.32
1/9/2019,12.04,15.24,15.24,,,,,,1,0,26.31
1/10/2019,12.04,15.24,15.24,,,,,,1,0,26.29
1/11/2019,12.04,15.24,15.24,,,,,,1,0,26.26
1/12/2019,12.04,15.24,15.24,,,,,,1,0,26.24
1/13/2019,12.04,15.24,15.24,,,,,,1,0,26.21
1/14/2019,12.04,15.24,15.24,,,,,,1,0,26.19
1/15/2019,12.04,15.24,15.24,,,,,,1,0,26.17
1/16/2019,12.04,15.24,15.24,,,,,,1,0,26.15
1/17/2019,12.04,15.24,15.24,,,,,,1,0,26.13
1/18/2019,12.04,15.24,15.24,,,,,,1,0,26.11
1/19/2019,12.04,15.24,15.24,,,,,,1,0,26.1
1/20/2019,12.04,15.24,15.24,,,,,,1,0,26.08
1/21/2019,12.04,15.24,15.24,,,,,,1,0,26.08
1/22/2019,12.04,15.24,15.24,,,,,1,1,0,26.07
1/23/2019,12.04,15.24,15.24,,,,,,1,0,26.07
1/24/2019,12.04,15.24,15.24,,,,,,1,0,26.06
1/25/2019,12.04,15.24,15.24,,,,,,1,0,26.04
1/26/2019,12.04,15.24,15.24,,,,,,1,0,26.04
1/27/2019,12.04,15.24,15.24,,,,,,1,0,26.03
1/28/2019,12.04,15.24,15.24,,,,,,1,0,26.02
1/29/2019,12.04,15.24,15.24,,,,,,1,0,26.02
1/30/2019,12.04,15.24,15.24,,,,,,1,0,26.01
1/31/2019,12.04,15.24,15.24,,,,,,1,0,26
2/1/2019,12.04,15.24,15.24,,,,,,1,0,26
2/2/2019,12.04,15.24,15.24,,,,,,1,0,25.99
2/3/2019,12.04,15.24,15.24,,,,,,1,0,25.98
2/4/2019,12.04,15.24,15.24,,,,,,1,0,25.97
2/5/2019,12.04,15.24,15.24,,,,,,1,0,25.96
2/6/2019,12.04,15.24,15.24,,,,,,1,0,25.95
2/7/2019,12.04,15.24,15.24,,,,,,1,0,25.94
2/8/2019,12.04,15.24,15.24,,,,,,1,0,25.94
2/9/2019,12.04,15.24,15.24,,,,,,1,0,25.94
2/10/2019,12.04,15.24,15.24,,,,,,1,0,25.93
2/11/2019,12.04,14.94,14.94,14.94,,,,,1,0,25.92
2/12/2019,12.04,14.94,14.94,,,,,1,1,0,25.91
2/13/2019,12.04,14.94,14.94,,,,,,1,0,25.91
2/14/2019,12.04,14.94,14.94,,,,,,1,0,25.9
2/15/2019,12.04,14.94,14.94,,,,,,1,0,25.89
2/16/2019,12.04,14.94,14.94,,,,,,1,0,25.88
2/17/2019,12.04,14.94,14.94,,,,,,1,0,25.86
2/18/2019,12.04,14.94,14.94,,,,,,1,0,25.84
2/19/2019,12.04,14.94,14.94,,,,,,1,0,25.83
2/20/2019,12.04,14.94,14.94,,,,,,1,0,25.81
2/21/2019,12.04,14.94,14.94,,,,,,1,0,25.79
2/22/2019,12.04,14.94,14.94,,,,,,1,0,25.76
2/23/2019,12.04,14.94,14.94,,,,,,1,0,25.74
2/24/2019,12.04,14.94,14.94,,,,,,1,0,25.72
2/25/2019,12.04,14.94,14.94,,,,,,1,0,25.7
2/26/2019,12.04,14.94,14.94,,,,,,1,0,25.68
2/27/2019,12.04,14.63,14.63,14.63,,,,,1,0,25.65
2/28/2019,12.04,14.63,14.63,,,,,1,1,0,25.63
3/1/2019,12.04,14.63,14.63,,,,,,1,0,25.62
3/2/2019,12.04,14.63,14.63,,,,,,1,0,25.59
3/3/2019,12.04,14.63,14.63,,,,,,1,0,25.58
3/4/2019,12.04,14.63,14.63,,,,,,1,0,25.56
3/5/2019,12.04,14.63,14.63,,,,,,1,0,25.54
3/6/2019,12.04,14.63,14.63,,,,,,1,0,25.52
3/7/2019,12.04,14.63,14.63,,,,,,1,0,25.49
3/8/2019,12.04,14.63,14.63,,,,,,1,0,25.46
3/9/2019,12.04,14.63,14.63,,,,,,1,0,25.43
3/10/2019,12.04,14.63,14.63,,,,,,1,0,25.41
3/11/2019,12.04,14.63,14.63,,,,,,1,0,25.4
3/12/2019,12.04,14.63,14.63,,,,,1,1,0,25.37
3/13/2019,12.04,14.33,14.33,14.33,,,,,1,0,25.35
3/14/2019,12.04,14.33,14.33,,,,,,1,0,25.33
3/15/2019,12.04,14.33,14.33,,,,,,1,0,25.31
3/16/2019,12.04,14.33,14.33,,,,,,1,0,25.29
3/17/2019,12.04,14.33,14.33,,,,,,1,0,25.26
3/18/2019,12.04,14.33,14.33,,,,,,1,0,25.25
3/19/2019,12.04,14.33,14.33,,,,,,1,0,25.23
3/20/2019,12.04,14.33,14.33,,,,,,1,0,25.2
3/21/2019,12.04,14.33,14.33,,,,,,1,0,25.19
3/22/2019,12.04,14.33,14.33,,,,,,1,0,25.16
3/23/2019,12.04,14.33,14.33,,,,,,1,0,25.14
3/24/2019,12.04,14.33,14.33,,,,,,1,0,25.12
3/25/2019,12.04,14.33,14.33,,,,,,1,0,25.09
3/26/2019,12.04,14.33,14.33,,,,,,1,0,25.07
3/27/2019,12.04,14.33,14.33,,,,,,1,0,25.05
3/28/2019,12.04,14.33,14.33,,,,,,1,0,25.03
3/29/2019,12.04,14.02,14.02,14.02,,,,,1,0,25.01
3/30/2019,12.04,14.02,14.02,,,,,,1,0,24.98
3/31/2019,12.04,14.02,14.02,,,,,,1,0,24.96
4/1/2019,12.04,14.02,14.02,,,,,1,1,0,24.95
4/2/2019,12.04,14.02,14.02,,,,,,1,0,24.93
4/3/2019,12.04,14.02,14.02,,,,,,1,0,24.91
4/4/2019,12.04,14.02,14.02,,,,,,1,0,24.89
4/5/2019,12.04,14.02,14.02,,,,,,1,0,24.87
4/6/2019,12.04,14.02,14.02,,,,,,1,0,24.85
4/7/2019,12.04,14.02,14.02,,,,,,1,0,24.83
4/8/2019,12.04,14.02,14.02,,,,,,1,0,24.81
4/9/2019,12.04,14.02,14.02,,,,,,1,0,24.79
4/10/2019,12.04,13.72,13.72,13.72,,,,,1,0,24.77
4/11/2019,12.04,13.72,13.72,,,,,,1,0,24.75
4/12/2019,12.04,13.72,13.72,,,,,,1,0,24.73
4/13/2019,12.04,13.72,13.72,,,,,,1,0,24.71
4/14/2019,12.04,13.72,13.72,,,,,,1,0,24.69
4/15/2019,12.04,13.72,13.72,,,,,,1,0,24.67
4/16/2019,12.04,13.72,13.72,,,,,,1,0,24.66
4/17/2019,12.04,13.72,13.72,,,,,,1,0,24.64
4/18/2019,12.04,13.72,13.72,,,,,,1,0,24.63
4/19/2019,12.04,13.72,13.72,,,,,,1,0,24.62
4/20/2019,12.04,13.72,13.72,,,,,,1,0,24.61
4/21/2019,12.04,13.72,13.72,,,,,,1,0,24.66
4/22/2019,12.04,13.72,13.72,,,,,,1,0,24.67
4/23/2019,12.04,13.72,13.72,,,,,,1,0,24.66
4/24/2019,12.04,13.72,13.72,,,,,,1,0,24.65
4/25/2019,12.04,13.72,13.72,,,,,,1,0,24.64
4/26/2019,12.04,13.72,13.72,,,,,,1,0,24.62
4/27/2019,12.04,13.72,13.72,,,,,,1,0,24.62
4/28/2019,12.04,13.72,13.72,,,,,,1,0,24.62
4/29/2019,12.04,13.72,13.72,,,,,,1,0,24.61
4/30/2019,12.04,13.41,13.41,13.41,,,,,1,0,24.61
5/1/2019,12.04,13.41,13.41,,,,,,1,0,24.6
5/2/2019,12.04,13.41,13.41,,,,,,1,0,24.59
5/3/2019,12.04,13.41,13.41,,,,,1,1,0,24.57
5/4/2019,12.04,13.41,13.41,,,,,,1,0,24.56
5/5/2019,12.04,13.41,13.41,,,,,,1,0,24.55
5/6/2019,12.04,13.41,13.41,,,,,,1,0,24.52
5/7/2019,12.04,13.41,13.41,,,,,,1,0,24.5
5/8/2019,12.04,13.41,13.41,,,,,,1,0,24.48
5/9/2019,12.04,13.41,13.41,,,,,,1,0,24.46
5/10/2019,12.04,13.41,13.41,,,,,,1,0,24.44
5/11/2019,12.04,13.41,13.41,,,,,,1,0,24.43
5/12/2019,12.04,13.41,13.41,,,,,,1,0,24.41
5/13/2019,12.04,13.41,13.41,,,,,,1,0,24.38
5/14/2019,12.04,13.41,13.41,,,,,,1,0,24.36
5/15/2019,12.04,13.41,13.41,,,,,,1,0,24.37
5/16/2019,12.04,13.41,13.41,,,,,,1,0,24.36
5/17/2019,12.04,13.41,13.41,,,,,,1,0,24.37
5/18/2019,12.04,13.41,13.41,,,,,,1,0,24.37
5/19/2019,12.04,13.41,13.41,,,,,,1,0,24.36
5/20/2019,12.04,13.41,13.41,,,,,,1,0,24.36
5/21/2019,12.04,13.41,13.41,,,,,2,0,1,24.37
5/22/2019,12.04,13.41,13.41,,,,,,0,1,24.36
5/23/2019,12.04,13.41,13.41,,,,,,0,1,24.35
5/24/2019,12.04,13.41,13.41,,,,,,0,1,24.34
5/25/2019,12.04,13.41,13.41,,,,,,0,1,24.34
5/26/2019,12.04,13.41,13.41,,,,,,0,1,24.33
5/27/2019,12.04,13.41,13.41,,,,,,0,1,24.32
5/28/2019,12.04,13.41,13.41,,,,,,0,1,24.31
5/29/2019,12.04,13.41,13.41,,,,,,0,1,24.3
5/30/2019,12.04,13.41,13.41,,,,,,0,1,24.29
5/31/2019,12.04,13.41,13.41,,,,,,0,1,24.29
6/1/2019,12.04,13.41,13.41,,,,,,0,1,24.29
6/2/2019,12.04,13.41,13.41,,,,,,0,1,24.28
6/3/2019,12.04,13.41,13.41,,,,,,0,1,24.27
6/4/2019,12.04,13.41,13.41,,,,,,0,1,24.28
6/5/2019,12.04,13.41,13.41,,,,,,0,1,24.28
6/6/2019,12.04,13.41,13.41,,,,,,0,1,24.27
6/7/2019,12.04,13.41,13.41,,,,,2,0,1,24.27
6/8/2019,12.04,13.41,13.41,,,,,,0,1,24.25
6/9/2019,12.04,13.41,13.41,,,,,,0,1,24.26
6/10/2019,12.04,13.41,13.41,,,,,,0,1,24.25
6/11/2019,12.04,13.41,13.41,,,,,,0,1,24.24
6/12/2019,12.04,13.41,13.41,,,,,,0,1,24.24
6/13/2019,12.04,13.41,13.41,,,,,,0,1,24.24
6/14/2019,12.04,13.41,13.41,,,,,2,0,1,24.23
6/15/2019,12.04,13.41,13.41,,,,,,0,1,24.22
6/16/2019,12.04,13.41,13.41,,,,,,0,1,24.21
6/17/2019,12.04,13.41,13.41,,,,,,0,1,24.2
6/18/2019,12.04,13.41,13.41,,,,,,0,1,24.2
6/19/2019,12.04,13.41,13.41,,,,,,0,1,24.19
6/20/2019,12.04,13.41,13.41,,,,,,0,1,24.2
6/21/2019,12.04,13.41,13.41,,,,,2,0,1,24.2
6/22/2019,12.04,13.41,13.41,,,,,,0,1,24.2
6/23/2019,12.04,13.41,13.41,,,,,,0,1,24.2
6/24/2019,12.04,13.41,13.41,,,,,,0,1,24.19
6/25/2019,12.04,13.41,13.41,,,,,,0,1,24.22
6/26/2019,12.04,13.41,13.41,,,,,,0,1,24.22
6/27/2019,12.04,13.41,13.41,,,,,,0,1,24.23
6/28/2019,12.04,13.41,13.41,,,,,2,0,1,24.24
6/29/2019,12.04,13.41,13.41,,,,,,0,1,24.25
6/30/2019,12.04,13.41,13.41,,,,,,0,1,24.25
7/1/2019,12.04,13.41,13.41,,,,,,0,1,24.28
7/2/2019,12.04,13.41,13.41,,,,,,0,1,24.27
7/3/2019,12.04,13.41,13.41,,,,,,0,1,24.27
7/4/2019,12.04,13.41,13.41,,,,,,0,1,24.25
7/5/2019,12.04,13.41,13.41,,,,,,0,1,24.24
7/6/2019,12.04,13.41,13.41,,,,,,0,1,24.23
7/7/2019,12.04,13.41,13.41,,,,,,0,1,24.23
7/8/2019,12.04,13.41,13.41,,,,,,0,1,24.25
7/9/2019,12.04,13.41,13.41,,,,,,0,1,24.26
7/10/2019,12.04,13.41,13.41,,,,,,0,1,24.28
7/11/2019,12.04,13.41,13.41,,,,,2,0,1,24.28
7/12/2019,12.04,13.41,13.41,,,,,,0,1,24.27
7/13/2019,12.04,13.41,13.41,,,,,,0,1,24.29
7/14/2019,12.04,13.41,13.41,,,,,,0,1,24.4
7/15/2019,12.04,13.41,13.41,,,,,,0,1,24.5
7/16/2019,12.04,13.41,13.41,,,,,,0,1,24.56
7/17/2019,12.04,13.41,13.41,,,,,,0,1,24.57
7/18/2019,12.04,13.41,13.41,,,,,,0,1,24.57
7/19/2019,12.04,13.41,13.41,,,,,,0,1,24.57
7/20/2019,12.04,13.41,13.41,,,,,,0,1,24.57
7/21/2019,12.04,13.41,13.41,,,,,,0,1,24.57
7/22/2019,12.04,13.41,13.41,,,,,,0,1,24.59
7/23/2019,12.04,13.41,13.41,,,,,,0,1,24.6
7/24/2019,12.04,13.41,13.41,,,,,,0,1,24.6
7/25/2019,12.04,13.72,13.72,13.72,,,,,0,1,24.61
7/26/2019,12.04,13.72,13.72,,,,,,0,1,24.62
7/27/2019,12.04,13.72,13.72,,,,,,0,1,24.62
7/28/2019,12.04,13.72,13.72,,,,,,0,1,24.61
7/29/2019,12.04,13.72,13.72,,,,,,0,1,24.6
7/30/2019,12.04,13.72,13.72,,,,,,0,1,24.59
7/31/2019,12.04,13.72,13.72,,,,,,0,1,24.59
8/1/2019,12.04,13.72,13.72,,,,,,0,1,24.58
8/2/2019,12.04,13.72,13.72,,,,,,0,1,24.59
8/3/2019,12.04,13.72,13.72,,,,,,0,1,24.59
8/4/2019,12.04,13.72,13.72,,,,,,0,1,24.58
8/5/2019,12.04,13.72,13.72,,,,,,0,1,24.57
8/6/2019,12.04,13.72,13.72,,,,,,0,1,24.58
8/7/2019,12.04,13.72,13.72,,,,,,0,1,24.57
8/8/2019,12.04,13.72,13.72,,,,,,0,1,24.55
8/9/2019,12.04,13.72,13.72,,,,,,0,1,24.54
8/10/2019,12.04,13.72,13.72,,,,,,0,1,24.53
8/11/2019,12.04,13.72,13.72,,,,,,0,1,24.54
8/12/2019,12.04,13.72,13.72,,,,,,0,1,24.56
8/13/2019,12.04,13.72,13.72,,,,,,0,1,24.57
8/14/2019,12.04,13.72,13.72,,,,,,0,1,24.59
8/15/2019,12.04,13.72,13.72,,,,,,0,1,24.62
8/16/2019,12.04,13.72,13.72,,,,,,0,1,24.62
8/17/2019,12.04,13.72,13.72,,,,,,0,1,24.63
8/18/2019,12.04,13.72,13.72,,,,,,0,1,24.64
8/19/2019,12.04,13.72,13.72,,,,,,0,1,24.64
8/20/2019,12.04,13.72,13.72,,,,,,0,1,24.64
8/21/2019,12.04,13.72,13.72,,,,,,0,1,24.67
8/22/2019,12.04,13.72,13.72,,,,,,0,1,24.67
8/23/2019,12.04,13.72,13.72,,,,,,0,1,24.66
8/24/2019,12.04,13.72,13.72,,,,,,0,1,24.67
8/25/2019,12.04,13.72,13.72,,,,,,0,1,24.67
8/26/2019,12.04,13.72,13.72,,,,,,0,1,24.66
8/27/2019,12.04,13.72,13.72,,,,,,0,1,24.65
8/28/2019,12.04,13.72,13.72,,,,,,0,1,24.69
8/29/2019,12.04,13.72,13.72,,,,,,0,1,24.69
8/30/2019,12.04,13.72,13.72,,,,,,0,1,24.67
8/31/2019,12.04,13.72,13.72,,,,,,0,1,24.68
9/1/2019,12.04,13.72,13.72,,,,,,0,1,24.68
9/2/2019,12.04,13.72,13.72,,,,,,0,1,24.69
9/3/2019,12.04,13.72,13.72,,,,,,0,1,24.69
9/4/2019,12.04,13.72,13.72,,,,,,0,1,24.69
9/5/2019,12.04,13.72,13.72,,,,,,0,1,24.7
9/6/2019,12.04,13.72,13.72,,,,,,0,1,24.72
9/7/2019,12.04,13.72,13.72,,,,,,0,1,24.74
9/8/2019,12.04,13.72,13.72,,,,,,0,1,24.78
9/9/2019,12.04,13.72,13.72,,,,,,0,1,24.78
9/10/2019,12.04,13.72,13.72,,,,,,0,1,24.78
9/11/2019,12.04,13.72,13.72,,,,,,0,1,24.8
9/12/2019,12.04,14.02,14.02,14.02,,,,,0,1,24.83
9/13/2019,12.04,14.02,14.02,,,,,,0,1,24.83
9/14/2019,12.04,14.02,14.02,,,,,,0,1,24.82
9/15/2019,12.04,14.02,14.02,,,,,,0,1,24.85
9/16/2019,12.04,14.02,14.02,,,,,,0,1,24.85
9/17/2019,12.04,14.02,14.02,,,,,,0,1,24.86
9/18/2019,12.04,14.02,14.02,,,,,,0,1,24.87
9/19/2019,12.04,14.02,14.02,,,,,,0,1,24.87
9/20/2019,12.04,14.02,14.02,,,,,,0,1,24.87
9/21/2019,12.04,14.02,14.02,,,,,,0,1,24.87
9/22/2019,12.04,14.02,14.02,,,,,,0,1,24.87
9/23/2019,12.04,14.02,14.02,,,,,,0,1,24.87
9/24/2019,12.04,14.02,14.02,,,,,,0,1,24.86
9/25/2019,12.04,14.02,14.02,,,,,,0,1,24.85
9/26/2019,12.04,14.02,14.02,,,,,,0,1,24.84
9/27/2019,12.04,14.02,14.02,,,,,,0,1,24.83
9/28/2019,12.04,14.02,14.02,,,,,,0,1,24.83
9/29/2019,12.04,14.02,14.02,,,,,,0,1,24.82
9/30/2019,12.04,14.02,14.02,,,,,,0,1,24.89
10/1/2019,12.04,14.02,14.02,,,,,,0,1,24.88
10/2/2019,12.04,14.02,14.02,,,,,,0,1,24.87
10/3/2019,12.04,14.02,14.02,,,,,,0,1,24.86
10/4/2019,12.04,14.02,14.02,,,,,,0,1,24.85
10/5/2019,12.04,14.02,14.02,,,,,,0,1,24.86
10/6/2019,12.04,14.02,14.02,,,,,,0,1,24.86
10/7/2019,12.04,14.02,14.02,,,,,,0,1,24.85
10/8/2019,12.04,14.02,14.02,,,,,,0,1,24.84
10/9/2019,12.04,14.02,14.02,,,,,,0,1,24.84
10/10/2019,12.04,14.02,14.02,,,,,,0,1,24.87
10/11/2019,12.04,14.02,14.02,,,,,,0,1,24.89
10/12/2019,12.04,14.02,14.02,,,,,,0,1,24.92
10/13/2019,12.04,14.02,14.02,,,,,,0,1,24.93
10/14/2019,12.04,14.02,14.02,,,,,,0,1,24.92
10/15/2019,12.04,14.02,14.02,,,,,,0,1,24.91
10/16/2019,12.04,14.02,14.02,,,,,,0,1,24.91
10/17/2019,12.04,14.02,14.02,,,,,,0,1,24.92
10/18/2019,12.04,14.02,14.02,,,,,,0,1,24.91
10/19/2019,12.04,14.02,14.02,,,,,,0,1,24.9
10/20/2019,12.04,14.02,14.02,,,,,,0,1,24.9
10/21/2019,12.04,14.02,14.02,,,,,,0,1,24.88
10/22/2019,12.04,14.02,14.02,,,,,,0,1,24.89
10/23/2019,12.04,14.02,14.02,,,,,,0,1,24.9
10/24/2019,12.04,14.02,14.02,,,,,,0,1,24.91
10/25/2019,12.04,14.02,14.02,,,,,,0,1,24.9
10/26/2019,12.04,14.02,14.02,,,,,,0,1,24.91
10/27/2019,12.04,14.02,14.02,,,,,,0,1,24.91
10/28/2019,12.04,14.02,14.02,,,,,,0,1,24.92
10/29/2019,12.04,14.02,14.02,,,,,,0,1,24.93
10/30/2019,12.04,14.02,14.02,,,,,,0,1,24.93
10/31/2019,12.04,14.02,14.02,,,,,,0,1,24.93
11/1/2019,12.04,14.02,14.02,,,,,,0,1,24.97
11/2/2019,12.04,14.02,14.02,,,,,,0,1,25.01
11/3/2019,12.04,14.02,14.02,,,,,,0,1,25.02
11/4/2019,12.04,14.02,14.02,,,,,,0,1,25.02
11/5/2019,12.04,14.02,14.02,,,,,,0,1,25.02
11/6/2019,12.04,14.02,14.02,,,,,,0,1,25.01
11/7/2019,12.04,14.02,14.02,,,,,,0,1,25.01
11/8/2019,12.04,14.02,14.02,,,,,,0,1,25
11/9/2019,12.04,14.02,14.02,,,,,,0,1,25
11/10/2019,12.04,14.02,14.02,,,,,,0,1,25.02
11/11/2019,12.04,14.02,14.02,,,,,,0,1,25.05
11/12/2019,12.04,14.02,14.02,,,,,,0,1,25.09
11/13/2019,12.04,14.02,14.02,,,,,,0,1,25.11
11/14/2019,12.04,14.02,14.02,,,,,,0,1,25.14
11/15/2019,12.04,14.02,14.02,,,,,,0,1,25.16
11/16/2019,12.04,14.02,14.02,,,,,,0,1,25.19
11/17/2019,12.04,14.02,14.02,,,,,,0,1,25.19
11/18/2019,12.04,14.02,14.02,,,,,,0,1,25.19
11/19/2019,12.04,14.02,14.02,,,,,,0,1,25.18
11/20/2019,12.04,14.02,14.02,,,,,,0,1,25.18
11/21/2019,12.04,14.02,14.02,,,,,,0,1,25.16
11/22/2019,12.04,14.02,14.02,,,,,,0,1,25.18
11/23/2019,12.04,14.02,14.02,,,,,,0,1,25.18
11/24/2019,12.04,14.02,14.02,,,,,,0,1,25.18
11/25/2019,12.04,14.02,14.02,,,,,,0,1,25.17
11/26/2019,12.04,14.02,14.02,,,,,,0,1,25.16
11/27/2019,12.04,14.02,14.02,,,,,,0,1,25.16
11/28/2019,12.04,14.02,14.02,,,,,,0,1,25.18
11/29/2019,12.04,14.02,14.02,,,,,,0,1,25.22
11/30/2019,12.04,14.02,14.02,,,,,,0,1,25.22
12/1/2019,12.04,14.02,14.02,,,,,,0,1,25.21
12/2/2019,12.04,14.02,14.02,,,,,,0,1,25.19
12/3/2019,12.04,14.02,14.02,,,,,,0,1,25.21
12/4/2019,12.04,14.02,14.02,,,,,,0,1,25.23
12/5/2019,12.04,14.02,14.02,,,,,,0,1,25.25
12/6/2019,12.04,14.02,14.02,,,,,,0,1,25.29
12/7/2019,12.04,14.02,14.02,,,,,,0,1,25.28
12/8/2019,12.04,14.02,14.02,,,,,,0,1,25.28
12/9/2019,12.04,14.02,14.02,,,,,,0,1,25.28
12/10/2019,12.04,14.02,14.02,,,,,,0,1,25.27
12/11/2019,12.04,14.02,14.02,,,,,,0,1,25.27
12/12/2019,12.04,14.02,14.02,,,,,,0,1,25.27
12/13/2019,12.04,14.02,14.02,,,,,,0,1,25.28
12/14/2019,12.04,14.02,14.02,,,,,,0,1,25.29
12/15/2019,12.04,14.02,14.02,,,,,,0,1,25.28
12/16/2019,12.04,14.02,14.02,,,,,,0,1,25.29
12/17/2019,12.04,14.02,14.02,,,,,,0,1,25.28
12/18/2019,12.04,14.02,14.02,,,,,,0,1,25.28
12/19/2019,12.04,14.02,14.02,,,,,,0,1,25.3
12/20/2019,12.04,14.02,14.02,,,,,,0,1,25.29
12/21/2019,12.04,14.02,14.02,,,,,,0,1,25.29
12/22/2019,12.04,14.02,14.02,,,,,,0,1,25.28
12/23/2019,12.04,14.02,14.02,,,,,,0,1,25.36
12/24/2019,12.04,14.02,14.02,,,,,,0,1,25.44
12/25/2019,12.04,14.02,14.02,,,,,,0,1,25.48
12/26/2019,12.04,14.02,14.02,,,,,,0,1,25.51
12/27/2019,12.04,14.02,14.02,,,,,,0,1,25.52
12/28/2019,12.04,14.02,14.02,,,,,,0,1,25.55
12/29/2019,12.04,14.02,14.02,,,,,,0,1,25.55
12/30/2019,12.04,14.02,14.02,,,,,,0,1,25.56
12/31/2019,12.04,14.02,14.02,,,,,,0,1,25.67
1/1/2020,12.04,14.02,14.02,,,,,,0,1,25.71
1/2/2020,12.04,14.02,14.02,,,,,,0,1,25.72
1/3/2020,12.04,14.02,14.02,,,,,,0,1,25.73
1/4/2020,12.04,14.02,14.02,,,,,,0,1,25.73
1/5/2020,12.04,14.02,14.02,,,,,,0,1,25.72
1/6/2020,12.04,14.02,14.02,,,,,,0,1,25.71
1/7/2020,12.04,14.02,14.02,,,,,,0,1,25.7
1/8/2020,12.04,14.02,14.02,,,,,,0,1,25.69
1/9/2020,12.04,14.02,14.02,,,,,,0,1,25.68
1/10/2020,12.04,14.02,14.02,,,,,,0,1,25.67
1/11/2020,12.04,14.02,14.02,,,,,,0,1,25.66
1/12/2020,12.04,14.02,14.02,,,,,,0,1,25.65
1/13/2020,12.04,14.02,14.02,,,,,,0,1,25.64
1/14/2020,12.04,14.02,14.02,,,,,,0,1,25.62
1/15/2020,12.04,14.02,14.02,,,,,,0,1,25.6
1/16/2020,12.04,14.02,14.02,,,,,,0,1,25.59
1/17/2020,12.04,14.02,14.02,,,,,,0,1,25.58
1/18/2020,12.04,14.02,14.02,,,,,,0,1,25.57
1/19/2020,12.04,14.02,14.02,,,,,,0,1,25.56
1/20/2020,12.04,14.02,14.02,,,,,,0,1,25.54
1/21/2020,12.04,14.02,14.02,,,,,,0,1,25.53
1/22/2020,12.04,14.02,14.02,,,,,,0,1,25.53
1/23/2020,12.04,14.02,14.02,,,,,,0,1,25.53
1/24/2020,12.04,14.02,14.02,,,,,,0,1,25.52
1/25/2020,12.04,14.02,14.02,,,,,,0,1,25.5
1/26/2020,12.04,14.02,14.02,,,,,,0,1,25.49
1/27/2020,12.04,14.02,14.02,,,,,,0,1,25.47
1/28/2020,12.04,14.02,14.02,,,,,,0,1,25.46
1/29/2020,12.04,14.02,14.02,,,,,,0,1,25.44
1/30/2020,12.04,14.02,14.02,,,,,,0,1,25.43
1/31/2020,12.04,14.02,14.02,,,,,,0,1,25.41
2/1/2020,12.04,14.02,14.02,,,,,,0,1,25.41
2/2/2020,12.04,14.02,14.02,,,,,,0,1,25.39
2/3/2020,12.04,14.02,14.02,,,,,,0,1,25.38
2/4/2020,12.04,14.02,14.02,,,,,,0,1,25.36
2/5/2020,12.04,14.02,14.02,,,,,,0,1,25.34
2/6/2020,12.04,14.02,14.02,,,,,,0,1,25.33
2/7/2020,12.04,14.02,14.02,,,,,,0,1,25.31
2/8/2020,12.04,14.02,14.02,,,,,,0,1,25.3
2/9/2020,12.04,14.02,14.02,,,,,,0,1,25.28
2/10/2020,12.04,14.02,14.02,,,,,,0,1,25.26
2/11/2020,12.04,14.02,14.02,,,,,,0,1,25.24
2/12/2020,12.04,14.02,14.02,,,,,,0,1,25.23
2/13/2020,12.04,14.02,14.02,,,,,,0,1,25.2
2/14/2020,12.04,14.02,14.02,,,,,,0,1,25.19
2/15/2020,12.04,14.02,14.02,,,,,,0,1,25.18
2/16/2020,12.04,14.02,14.02,,,,,,0,1,25.16
2/17/2020,12.04,14.02,14.02,,,,,,0,1,25.14
2/18/2020,12.04,14.02,14.02,,,,,,0,1,25.13
2/19/2020,12.04,14.02,14.02,,,,,,0,1,25.12
2/20/2020,12.04,14.02,14.02,,,,,,0,1,25.1
2/21/2020,12.04,14.02,14.02,,,,,,0,1,25.1
2/22/2020,12.04,14.02,14.02,,,,,,0,1,25.09
2/23/2020,12.04,14.02,14.02,,,,,,0,1,25.07
2/24/2020,12.04,14.02,14.02,,,,,,0,1,25.06
2/25/2020,12.04,14.02,14.02,,,,,,0,1,25.05
2/26/2020,12.04,14.02,14.02,,,,,,0,1,25.03
2/27/2020,12.04,14.02,14.02,,,,,,0,1,25.02
2/28/2020,12.04,14.02,14.02,,,,,,0,1,25.01
2/29/2020,12.04,14.02,14.02,,,,,,0,1,24.99
3/1/2020,12.04,14.02,14.02,,,,,,0,1,24.97
3/2/2020,12.04,14.02,14.02,,,,,1,1,0,24.96
3/3/2020,12.04,14.02,14.02,,,,,,1,0,24.94
3/4/2020,12.04,14.02,14.02,,,,,,1,0,24.92
3/5/2020,12.04,14.02,14.02,,,,,,1,0,24.91
3/6/2020,12.04,14.02,14.02,,,,,,1,0,24.89
3/7/2020,12.04,14.02,14.02,,,,,,1,0,24.88
3/8/2020,12.04,14.02,14.02,,,,,,1,0,24.86
3/9/2020,12.04,14.02,14.02,,,,,,1,0,24.84
3/10/2020,12.04,14.02,14.02,,,,,,1,0,24.83
3/11/2020,12.04,14.02,14.02,,,,,,1,0,24.82
3/12/2020,12.04,14.02,14.02,,,,,,1,0,24.8
3/13/2020,12.04,14.02,14.02,,,,,,1,0,24.78
3/14/2020,12.04,14.02,14.02,,,,,,1,0,24.77
3/15/2020,12.04,14.02,14.02,,,,,,1,0,24.77
3/16/2020,12.04,14.02,14.02,,,,,,1,0,24.76
3/17/2020,12.04,14.02,14.02,,,,,,1,0,24.76
3/18/2020,12.04,14.02,14.02,,,,,1,1,0,24.75
3/19/2020,12.04,14.02,14.02,,,,,,1,0,24.74
3/20/2020,12.04,14.02,14.02,,,,,,1,0,24.74
3/21/2020,12.04,14.02,14.02,,,,,,1,0,24.73
3/22/2020,12.04,14.02,14.02,,,,,,1,0,24.73
3/23/2020,12.04,14.02,14.02,,,,,,1,0,24.72
3/24/2020,12.04,14.02,14.02,,,,,,1,0,24.72
3/25/2020,12.04,14.02,14.02,,,,,,1,0,24.71
3/26/2020,12.04,14.02,14.02,,,,,,1,0,24.7
3/27/2020,12.04,14.02,14.02,,,,,,1,0,24.7
3/28/2020,12.04,14.02,14.02,,,,,,1,0,24.69
3/29/2020,12.04,14.02,14.02,,,,,,1,0,24.68
3/30/2020,12.04,13.87,13.87,13.87,,,,,1,0,24.68
3/31/2020,12.04,13.87,13.87,,,,,,1,0,24.67
4/1/2020,12.04,13.87,13.87,,,,,,1,0,24.67
4/2/2020,12.04,13.87,13.87,,,,,,1,0,24.66
4/3/2020,12.04,13.87,13.87,,,,,,1,0,24.66
4/4/2020,12.04,13.87,13.87,,,,,,1,0,24.65
4/5/2020,12.04,13.87,13.87,,,,,,1,0,24.64
4/6/2020,12.04,13.87,13.87,,,,,,1,0,24.63
4/7/2020,12.04,13.87,13.87,,,,,,1,0,24.62
4/8/2020,12.04,13.87,13.87,,,,,,1,0,24.62
4/9/2020,12.04,13.87,13.87,,,,,,1,0,24.61
4/10/2020,12.04,13.87,13.87,,,,,,1,0,24.61
4/11/2020,12.04,13.87,13.87,,,,,,1,0,24.6
4/12/2020,12.04,13.87,13.87,,,,,,1,0,24.6
4/13/2020,12.04,13.87,13.87,,,,,,1,0,24.62
4/14/2020,12.04,13.87,13.87,,,,,,1,0,24.65
4/15/2020,12.04,13.87,13.87,,,,,1,1,0,24.64
4/16/2020,12.04,13.87,13.87,,,,,,1,0,24.63
4/17/2020,12.04,13.87,13.87,,,,,,1,0,24.62
4/18/2020,12.04,13.87,13.87,,,,,,1,0,24.61
4/19/2020,12.04,13.87,13.87,,,,,,1,0,24.6
4/20/2020,12.04,13.87,13.87,,,,,,1,0,24.6
4/21/2020,12.04,13.87,13.87,,,,,,1,0,24.59
4/22/2020,12.04,13.87,13.87,,,,,,1,0,24.59
4/23/2020,12.04,13.87,13.87,,,,,,1,0,24.58
4/24/2020,12.04,13.87,13.87,,,,,,1,0,24.58
4/25/2020,12.04,13.87,13.87,,,,,,1,0,24.57
4/26/2020,12.04,13.87,13.87,,,,,,1,0,24.56
4/27/2020,12.04,13.87,13.87,,,,,,1,0,24.56
4/28/2020,12.04,13.87,13.87,,,,,,1,0,24.55
4/29/2020,12.04,13.87,13.87,,,,,,1,0,24.54
4/30/2020,12.04,13.87,13.87,,,,,,1,0,24.54
5/1/2020,12.04,13.72,13.72,13.72,,,,,1,0,24.54
5/2/2020,12.04,13.72,13.72,,,,,,1,0,24.53
5/3/2020,12.04,13.72,13.72,,,,,,1,0,24.52
5/4/2020,12.04,13.72,13.72,,,,,,1,0,24.54
5/5/2020,12.04,13.72,13.72,,,,,,1,0,24.54
5/6/2020,12.04,13.72,13.72,,,,,,1,0,24.55
5/7/2020,12.04,13.72,13.72,,,,,,1,0,24.55
5/8/2020,12.04,13.72,13.72,,,,,,1,0,24.55
5/9/2020,12.04,13.72,13.72,,,,,,1,0,24.55
5/10/2020,12.04,13.72,13.72,,,,,,1,0,24.54
5/11/2020,12.04,13.72,13.72,,,,,,1,0,24.56
5/12/2020,12.04,13.72,13.72,,,,,,1,0,24.55
5/13/2020,12.04,13.72,13.72,,,,,,1,0,24.55
5/14/2020,12.04,13.72,13.72,,,,,,1,0,24.56
5/15/2020,12.04,13.72,13.72,,,,,,1,0,24.56
5/16/2020,12.04,13.72,13.72,,,,,,1,0,24.55
5/17/2020,12.04,13.72,13.72,,,,,,1,0,24.59
5/18/2020,12.04,13.72,13.72,,,,,,1,0,24.59
5/19/2020,12.04,13.72,13.72,,,,,,1,0,24.65
5/20/2020,12.04,13.72,13.72,,,,,,1,0,24.65
5/21/2020,12.04,13.72,13.72,,,,,,1,0,24.65
5/22/2020,12.04,13.72,13.72,,,,,,1,0,24.7
5/23/2020,12.04,13.72,13.72,,,,,,1,0,24.73
5/24/2020,12.04,13.72,13.72,,,,,,1,0,24.73
5/25/2020,12.04,13.72,13.72,,,,,,1,0,24.73
5/26/2020,12.04,13.72,13.72,,,,,,1,0,24.73
5/27/2020,12.04,13.72,13.72,,,,,,1,0,24.76
5/28/2020,12.04,13.87,13.87,13.87,,,,2,0,1,24.77
5/29/2020,12.04,13.87,13.87,,,,,,0,1,24.77
5/30/2020,12.04,13.87,13.87,,,,,,0,1,24.79
5/31/2020,12.04,13.87,13.87,,,,,,0,1,24.8
6/1/2020,12.04,13.87,13.87,,,,,,0,1,24.8
6/2/2020,12.04,13.87,13.87,,,,,,0,1,24.83
6/3/2020,12.04,13.87,13.87,,,,,,0,1,24.84
6/4/2020,12.04,13.87,13.87,,,,,,0,1,24.84
6/5/2020,12.04,13.87,13.87,,,,,,0,1,24.84
6/6/2020,12.04,13.87,13.87,,,,,,0,1,24.84
6/7/2020,12.04,13.87,13.87,,,,,,0,1,24.86
6/8/2020,12.04,13.87,13.87,,,,,,0,1,24.88
6/9/2020,12.04,13.87,13.87,,,,,,0,1,24.9
6/10/2020,12.04,13.87,13.87,,,,,,0,1,24.94
6/11/2020,12.04,13.87,13.87,,,,,,0,1,25
6/12/2020,12.04,13.87,13.87,,,,,2,0,1,25.03
6/13/2020,12.04,13.87,13.87,,,,,,0,1,25.03
6/14/2020,12.04,13.87,13.87,,,,,,0,1,25.03
6/15/2020,12.04,14.02,14.02,14.02,,,,,0,1,25.05
6/16/2020,12.04,14.02,14.02,,,,,,0,1,25.05
6/17/2020,12.04,14.02,14.02,,,,,,0,1,25.05
6/18/2020,12.04,14.02,14.02,,,,,,0,1,25.08
6/19/2020,12.04,14.02,14.02,,,,,,0,1,25.07
6/20/2020,12.04,14.02,14.02,,,,,,0,1,25.1
6/21/2020,12.04,14.02,14.02,,,,,,0,1,25.11
6/22/2020,12.04,14.02,14.02,,,,,,0,1,25.11
6/23/2020,12.04,14.02,14.02,,,,,,0,1,25.12
6/24/2020,12.04,14.02,14.02,,,,,,0,1,25.13
6/25/2020,12.04,14.02,14.02,,,,,,0,1,25.13
6/26/2020,12.04,14.02,14.02,,,,,,0,1,25.15
6/27/2020,12.04,14.02,14.02,,,,,,0,1,25.16
6/28/2020,12.04,14.02,14.02,,,,,,0,1,25.19
6/29/2020,12.04,14.02,14.02,,,,,,0,1,25.22
6/30/2020,12.04,14.02,14.02,,,,,,0,1,25.3
7/1/2020,12.04,14.02,14.02,,,,,,0,1,25.34
7/2/2020,12.04,14.02,14.02,,,,,,0,1,25.37
7/3/2020,12.04,14.02,14.02,,,,,,0,1,25.39
7/4/2020,12.04,14.02,14.02,,,,,,0,1,25.42
7/5/2020,12.04,14.02,14.02,,,,,,0,1,25.44
7/6/2020,12.04,14.02,14.02,,,,,,0,1,25.44
7/7/2020,12.04,14.02,14.02,,,,,2,0,1,25.44
7/8/2020,12.04,14.33,14.33,14.33,,,,,0,1,25.46
7/9/2020,12.04,14.33,14.33,,,,,,0,1,25.46
7/10/2020,12.04,14.33,14.33,,,,,,0,1,25.48
7/11/2020,12.04,14.33,14.33,,,,,,0,1,25.53
7/12/2020,12.04,14.33,14.33,,,,,,0,1,25.54
7/13/2020,12.04,14.33,14.33,,,,,,0,1,25.55
7/14/2020,12.04,14.33,14.33,,,,,,0,1,25.57
7/15/2020,12.04,14.33,14.33,,,,,,0,1,25.57
7/16/2020,12.04,14.33,14.33,,,,,,0,1,25.57
7/17/2020,12.04,14.33,14.33,,,,,,0,1,25.6
7/18/2020,12.04,14.33,14.33,,,,,,0,1,25.61
7/19/2020,12.04,14.33,14.33,,,,,,0,1,25.62
7/20/2020,12.04,14.33,14.33,,,,,,0,1,25.65
7/21/2020,12.04,14.33,14.33,,,,,,0,1,25.66
7/22/2020,12.04,14.33,14.33,,,,,,0,1,25.69
7/23/2020,12.04,14.33,14.33,,,,,,0,1,25.69
7/24/2020,12.04,14.33,14.33,,,,,2,0,1,25.72
7/25/2020,12.04,14.63,14.63,14.63,,,,,0,1,25.73
7/26/2020,12.04,14.63,14.63,,,,,,0,1,25.74
7/27/2020,12.04,14.63,14.63,,,,,,0,1,25.76
7/28/2020,12.04,14.63,14.63,,,,,,0,1,25.76
7/29/2020,12.04,14.63,14.63,,,,,,0,1,25.78
7/30/2020,12.04,14.63,14.63,,,,,,0,1,25.78
7/31/2020,12.04,14.63,14.63,,,,,,0,1,25.78
8/1/2020,12.04,14.63,14.63,,,,,,0,1,25.77
8/2/2020,12.04,14.63,14.63,,,,,,0,1,25.78
8/3/2020,12.04,14.63,14.63,,,,,,0,1,25.78
8/4/2020,12.04,14.63,14.63,,,,,,0,1,25.8
8/5/2020,12.04,14.63,14.63,,,,,,0,1,25.82
8/6/2020,12.04,14.63,14.63,,,,,,0,1,25.82
8/7/2020,12.04,14.63,14.63,,,,,,0,1,25.82
8/8/2020,12.04,14.63,14.63,,,,,,0,1,25.85
8/9/2020,12.04,14.63,14.63,,,,,,0,1,25.86
8/10/2020,12.04,14.63,14.63,,,,,,0,1,25.86
8/11/2020,12.04,14.63,14.63,,,,,,0,1,25.87
8/12/2020,12.04,14.63,14.63,,,,,,0,1,25.89
8/13/2020,12.04,14.63,14.63,,,,,,0,1,25.95
8/14/2020,12.04,14.63,14.63,,,,,,0,1,25.98
8/15/2020,12.04,14.63,14.63,,,,,,0,1,26
8/16/2020,12.04,14.63,14.63,,,,,,0,1,25.99
8/17/2020,12.04,14.63,14.63,,,,,,0,1,25.99
8/18/2020,12.04,14.63,14.63,,,,,,0,1,26
8/19/2020,12.04,14.63,14.63,,,,,,0,1,26.02
8/20/2020,12.04,14.63,14.63,,,,,,0,1,26.01
8/21/2020,12.04,14.63,14.63,,,,,,0,1,26.01
8/22/2020,12.04,14.63,14.63,,,,,,0,1,26.04
8/23/2020,12.04,14.63,14.63,,,,,,0,1,26.06
8/24/2020,12.04,14.63,14.63,,,,,,0,1,26.07
8/25/2020,12.04,14.63,14.63,,,,,,0,1,26.1
8/26/2020,12.04,14.63,14.63,,,,,,0,1,26.1
8/27/2020,12.04,14.63,14.63,,,,,,0,1,26.09
8/28/2020,12.04,14.63,14.63,,,,,,0,1,26.08
8/29/2020,12.04,14.63,14.63,,,,,,0,1,26.08
8/30/2020,12.04,14.63,14.63,,,,,,0,1,26.08
8/31/2020,12.04,14.63,14.63,,,,,,0,1,26.08
9/1/2020,12.04,14.63,14.63,,,,,2,0,1,26.08
9/2/2020,12.04,14.94,14.94,14.94,,,,,0,1,26.09
9/3/2020,12.04,14.94,14.94,,,,,,0,1,26.12
9/4/2020,12.04,14.94,14.94,,,,,,0,1,26.12
9/5/2020,12.04,14.94,14.94,,,,,,0,1,26.12
9/6/2020,12.04,14.94,14.94,,,,,,0,1,26.12
9/7/2020,12.04,14.94,14.94,,,,,,0,1,26.13
9/8/2020,12.04,14.94,14.94,,,,,,0,1,26.12
9/9/2020,12.04,14.94,14.94,,,,,,0,1,26.14
9/10/2020,12.04,14.94,14.94,,,,,,0,1,26.15
9/11/2020,12.04,14.94,14.94,,,,,,0,1,26.15
9/12/2020,12.04,14.94,14.94,,,,,,0,1,26.16
9/13/2020,12.04,14.94,14.94,,,,,,0,1,26.17
9/14/2020,12.04,14.94,14.94,,,,,,0,1,26.17
9/15/2020,12.04,14.94,14.94,,,,,,0,1,26.16
9/16/2020,12.04,14.94,14.94,,,,,,0,1,26.16
9/17/2020,12.04,14.94,14.94,,,,,,0,1,26.16
9/18/2020,12.04,14.94,14.94,,,,,,0,1,26.16
9/19/2020,12.04,14.94,14.94,,,,,,0,1,26.19
9/20/2020,12.04,14.94,14.94,,,,,,0,1,26.22
9/21/2020,12.04,14.94,14.94,,,,,,0,1,26.27
9/22/2020,12.04,14.94,14.94,,,,,,0,1,26.29
9/23/2020,12.04,14.94,14.94,,,,,2,0,1,26.32
9/24/2020,12.04,15.24,15.24,15.24,,,,,0,1,26.33
9/25/2020,12.04,15.24,15.24,,,,,,0,1,26.33
9/26/2020,12.04,15.24,15.24,,,,,,0,1,26.33
9/27/2020,12.04,15.24,15.24,,,,,,0,1,26.34
9/28/2020,12.04,15.24,15.24,,,,,,0,1,26.37
9/29/2020,12.04,15.24,15.24,,,,,,0,1,26.37
9/30/2020,12.04,15.24,15.24,,,,,,0,1,26.49
10/1/2020,12.04,15.24,15.24,,,,,,0,1,26.53
10/2/2020,12.04,15.24,15.24,,,,,,0,1,26.55
10/3/2020,12.04,15.24,15.24,,,,,,0,1,26.55
10/4/2020,12.04,15.24,15.24,,,,,,0,1,26.55
10/5/2020,12.04,15.24,15.24,,,,,,0,1,26.53
10/6/2020,12.04,15.24,15.24,,,,,,0,1,26.53
10/7/2020,12.04,15.24,15.24,,,,,,0,1,26.52
10/8/2020,12.04,15.24,15.24,,,,,,0,1,26.5
10/9/2020,12.04,15.24,15.24,,,,,,0,1,26.48
10/10/2020,12.04,15.24,15.24,,,,,,0,1,26.45
10/11/2020,12.04,15.24,15.24,,,,,,0,1,26.43
10/12/2020,12.04,15.24,15.24,,,,,,0,1,26.41
10/13/2020,12.04,15.24,15.24,,,,,,0,1,26.43
10/14/2020,12.04,15.24,15.24,,,,,,0,1,26.44
10/15/2020,12.04,15.24,15.24,,,,,,0,1,26.42
10/16/2020,12.04,15.24,15.24,,,,,,0,1,26.42
10/17/2020,12.04,15.24,15.24,,,,,,0,1,26.45
10/18/2020,12.04,15.24,15.24,,,,,,0,1,26.43
10/19/2020,12.04,15.24,15.24,,,,,,0,1,26.43
10/20/2020,12.04,15.24,15.24,,,,,,0,1,26.44
10/21/2020,12.04,15.24,15.24,,,,,,0,1,26.41
10/22/2020,12.04,15.24,15.24,,,,,,0,1,26.4
10/23/2020,12.04,15.24,15.24,,,,,,0,1,26.41
10/24/2020,12.04,15.24,15.24,,,,,,0,1,26.41
10/25/2020,12.04,15.24,15.24,,,,,,0,1,26.41
10/26/2020,12.04,15.24,15.24,,,,,,0,1,26.41
10/27/2020,12.04,15.24,15.24,,,,,,0,1,26.41
10/28/2020,12.04,15.24,15.24,,,,,,0,1,26.4
10/29/2020,12.04,15.24,15.24,,,,,,0,1,26.47
10/30/2020,12.04,15.24,15.24,,,,,,0,1,26.51
10/31/2020,12.04,15.24,15.24,,,,,,0,1,26.53
11/1/2020,12.04,15.24,15.24,,,,,,0,1,26.63
11/2/2020,12.04,15.24,15.24,,,,,,0,1,26.65
11/3/2020,12.04,15.24,15.24,,,,,,0,1,26.65
11/4/2020,12.04,15.24,15.24,,,,,,0,1,26.64
11/5/2020,12.04,15.24,15.24,,,,,,0,1,26.62
11/6/2020,12.04,15.24,15.24,,,,,,0,1,26.6
11/7/2020,12.04,15.24,15.24,,,,,,0,1,26.58
11/8/2020,12.04,15.24,15.24,,,,,,0,1,26.56
11/9/2020,12.04,15.24,15.24,,,,,,0,1,26.54
11/10/2020,12.04,15.24,15.24,,,,,,0,1,26.52
11/11/2020,12.04,15.24,15.24,,,,,,0,1,26.52
11/12/2020,12.04,15.24,15.24,,,,,,0,1,26.51
11/13/2020,12.04,15.24,15.24,,,,,,0,1,26.51
11/14/2020,12.04,15.24,15.24,,,,,,0,1,26.51
11/15/2020,12.04,15.24,15.24,,,,,,0,1,26.51
11/16/2020,12.04,15.24,15.24,,,,,,0,1,26.51
11/17/2020,12.04,15.24,15.24,,,,,,0,1,26.5
11/18/2020,12.04,15.24,15.24,15.24,,,,,0,1,26.52
